SMILEScsa,VoltageCSA
Cc1c(C)ccc(c12)/C(=N\S(=O)(=O)C)c3c(C\2=N\S(=O)(=O)C)cccc3,2.228517336
COc1ccc(OC)c(c12)C=C(OC)C(=N/S(=O)(=O)C)\C\2=N\S(=O)(=O)C,2.428499357
N#Cc(c1)c(C#N)c(C#N)c(c1c23)/C(=N\S(=O)(=O)C)C(=N/S(=O)(=O)C)\c3cccc2C#N,3.194717958
CS(=O)(=O)\N=C\1C=C(N)C(=N/S(=O)(=O)C)\c2cc(N)c(c3c12)cc(N)c(c3)N,2.27504883
CS(=O)(=O)\N=C\1/C(=N/S(=O)(=O)C)C=Cc(c2)c1cc(c23)cccc3Cl,2.774486866
CS(=O)(=O)/N=C\1c(ccc(c2)N)c2C(=N\S(=O)(=O)C)\c(c13)ccc(N)c3N,2.056661018
Cc1cc(C)cc2cc(C)c(c=3c12)=CC(=N\S(=O)(=O)C)\C(C3)=N\S(=O)(=O)C,3.003628623
Cc1c(C)c(C)c(C)c(c12)/C(=N\S(=O)(=O)C)/C(C=C2C)=N/S(=O)(=O)C,2.276703283
COc1cc(OC)c(OC)c2cc(OC)c(c3c12)/C(=N/S(=O)(=O)C)/C(=N/S(=O)(=O)C)C(OC)=C3OC,2.412575246
Cc1c(C)c(C)cc2/C(=N/S(=O)(=O)C)C(=N\S(=O)(=O)C)\c(c3c12)c(C)ccc3,2.308137893
Cc1c(C)c(C)c(C)c(c12)cc(C)c=3c2=CC(=N\S(=O)(=O)C)/C(C3)=N\S(=O)(=O)C,2.958751582
CS(=O)(=O)\N=C(C1)\C(=N\S(=O)(=O)C)C=c(c=12)c(F)ccc2F,3.429857108
CS(=O)(=O)\N=C\1C=CC(=N/S(=O)(=O)C)\c(c2N)c1c(N)c(c23)ccc(N)c3N,2.287250422
Cc1cccc(c12)c=3c(cc2)=CC(=N/S(=O)(=O)C)/C(C3)=N/S(=O)(=O)C,3.162249316
N#Cc1c(C#N)c(C#N)cc(c12)cc3c(c2C#N)/C(=N/S(=O)(=O)C)/C(C=C3)=N/S(=O)(=O)C,3.257587177
CS(=O)(=O)\N=C(C1)\C(=N/S(=O)(=O)C)\C(F)=c(c=1c23)ccc2cc(F)cc3,3.2333908
CS(=O)(=O)/N=C(\C1Cl)/C(=N\S(=O)(=O)C)C=c(c2Cl)c=1cc(c23)ccc(Cl)c3,3.438129374
COC1=C(OC)C(=N/S(=O)(=O)C)\C(=N/S(=O)(=O)C)\c(c2)c1cc(c23)c(OC)ccc3OC,2.578847784
CS(=O)(=O)\N=C\1/C(=N/S(=O)(=O)C)C(N)=C(N)c(c2)c1cc(c23)cc(N)cc3N,2.243821028
CS(=O)(=O)\N=C\1C(N)=C(N)C(=N/S(=O)(=O)C)\c(c12)cc3c(c2N)cc(N)cc3,2.134833928
COC1=C(OC)C(=N/S(=O)(=O)C)\C(=N/S(=O)(=O)C)\c(c2OC)c1cc(c23)c(OC)cc(OC)c3OC,2.312687639
CS(=O)(=O)N=C1c(c(N)cc(c2)N)c2C(=NS(=O)(=O)C)c(c13)cc(N)cc3N,2.01654053
CS(=O)(=O)\N=C(C(N)=C1N)\C(=N/S(=O)(=O)C)\c2c1cc(N)c(c23)c(N)ccc3N,2.149724006
Nc1cc(N)cc2/C(=N/S(=O)(=O)C)C(=N\S(=O)(=O)C)\c(c3c12)cc(N)cc3,2.384242736
c1cc(C#N)c(C#N)c(c1c23)ccc2C(=N\S(=O)(=O)C)\C(C#N)=C(C#N)/C3=N\S(=O)(=O)C,3.621360057
CS(=O)(=O)/N=C(\C1F)/C(=N\S(=O)(=O)C)C=c(c=12)c(F)c3c(c2F)cc(F)cc3,3.458189618
CS(=O)(=O)\N=C(C=C1F)\C(=N/S(=O)(=O)C)\c(c(F)c2F)c1c(c23)cccc3F,2.947584024
Cc1c(C)c(C)c(C)c2/C(=N/S(=O)(=O)C)C(=N\S(=O)(=O)C)\c(c3c12)c(C)c(C)cc3C,2.211765998
CS(=O)(=O)\N=C\1C(N)=CC(=N/S(=O)(=O)C)\c2c1cc(N)c(c23)c(N)cc(N)c3N,2.315376125
CS(=O)(=O)\N=C\1C=C(C)/C(=N\S(=O)(=O)C)c(c2C)c1c(C)c(c23)cccc3C,2.367284592
CS(=O)(=O)\N=C\1/C(=N/S(=O)(=O)C)C=C(Cl)c(c1c23)c(Cl)cc3ccc(Cl)c2Cl,2.901259336
CS(=O)(=O)\N=C\1C=C(F)C(=N/S(=O)(=O)C)\c(c1c23)cc(F)c2cc(F)c(F)c3F,2.887403291
CS(=O)(=O)\N=C(C=C1N)\C(=N/S(=O)(=O)C)\c(cc2N)c1c(c23)cccc3N,2.400166848
COc1c(OC)c(OC)cc2c(OC)c(OC)c(c=3c12)=CC(=N\S(=O)(=O)C)\C(\C3OC)=N\S(=O)(=O)C,2.772625606
CS(=O)(=O)\N=C\1/C(=N/S(=O)(=O)C)C=Cc(c2F)c1cc(c23)cc(F)c(F)c3,2.802612569
COc1c(OC)ccc(c12)cc3c(c2)C=C(OC)C(=N/S(=O)(=O)C)\C\3=N/S(=O)(=O)C,2.525491671
CS(=O)(=O)\N=C\1C(N)=C(N)C(=N/S(=O)(=O)C)\c(c12)cc3c(c2N)cc(N)c(N)c3N,2.127595696
c1cc(C)cc(c12)C=CC(=N/S(=O)(=O)C)\C\2=N\S(=O)(=O)C,2.590428956
CS(=O)(=O)\N=C\1/C(=N/S(=O)(=O)C)C(N)=Cc(c12)cc3c(c2N)cccc3N,2.351153674
CS(=O)(=O)/N=C\1/C(=N/S(=O)(=O)C)C=C(OC)c(c12)ccc(c2)OC,2.439046496
Cc(c1)c(C)cc(c2)c1cc(c23)C=C(C)/C(=N\S(=O)(=O)C)C\3=N/S(=O)(=O)C,2.553203761
CS(=O)(=O)\N=C\1/C(=N/S(=O)(=O)C)C=Cc(cc2OC)c1c(c23)cccc3OC,2.743052257
Cc1c(C)ccc(c12)c3c(cc2C)/C(=N/S(=O)(=O)C)C(\C(C)=C3C)=N\S(=O)(=O)C,2.574298038
CS(=O)(=O)/N=C(C1)\C(=N\S(=O)(=O)C)\C(Cl)=c(c2Cl)c=1cc(c23)c(Cl)c(Cl)c(Cl)c3Cl,3.459016844
CS(=O)(=O)\N=C\1/C(=N/S(=O)(=O)C)C(OC)=C(OC)c(c2OC)c1c(OC)c(c23)cccc3OC,2.481028244
CS(=O)(=O)\N=C\1/C(=N/S(=O)(=O)C)C(N)=Cc(c(N)c2N)c1c(c23)c(N)cc(N)c3N,2.372041144
CS(=O)(=O)\N=C(C(N)=C1N)\C(=N\S(=O)(=O)C)\c(c12)ccc(N)c2N,2.038048421
CS(=O)(=O)\N=C(C(N)=C1N)\C(=N/S(=O)(=O)C)\c(c2)c1cc(c23)c(N)ccc3N,2.296763528
CS(=O)(=O)\N=C(C(=C1)N)\C(=N/S(=O)(=O)C)\c(c2N)c1c(N)c(c23)cccc3N,2.271946731
Cc1cc(C)cc2cc(C)c(c3c12)/C(=N/S(=O)(=O)C)C=C(C)/C3=N\S(=O)(=O)C,2.352394514
CS(=O)(=O)\N=C\1/C(=N/S(=O)(=O)C)C(Cl)=Cc(c1c23)ccc2c(Cl)ccc3Cl,2.908911182
COc(c1)cc(OC)c(c12)ccc3c2C=CC(=N/S(=O)(=O)C)\C\3=N/S(=O)(=O)C,2.831358692
CS(=O)(=O)\N=C\1/C(=N/S(=O)(=O)C)C(N)=Cc2c(N)cc(c3c12)cc(N)c(c3)N,2.496745548
CS(=O)(=O)\N=C\1C(=N\S(=O)(=O)C)\C(C)=Cc(c12)cc3c(c2)cc(C)cc3,2.582570304
COc1cc(OC)cc2c(OC)cc(c3c12)/C(=N/S(=O)(=O)C)/C(=N/S(=O)(=O)C)C=C3OC,2.524871251
CS(=O)(=O)\N=C\1C(Cl)=C(Cl)C(=N/S(=O)(=O)C)\c2ccc(c3c12)cc(Cl)cc3,2.84811003
Cc1c(C)c(C)cc(c12)/C(=N\S(=O)(=O)C)c3c(c(C)c(C)cc3)C\2=N\S(=O)(=O)C,2.132559055
CS(=O)(=O)\N=C(C1F)\C(=N\S(=O)(=O)C)C(F)=c(c=12)cc(F)cc2F,3.330796728
CS(=O)(=O)\N=C(C=C1)\C(=N/S(=O)(=O)C)\c(c2C#N)c1c(C#N)c(c23)c(C#N)ccc3C#N,3.297500858
CS(=O)(=O)\N=C\1/C(=N/S(=O)(=O)C)C(Cl)=Cc(c2Cl)c1c(Cl)c(c23)cccc3Cl,2.828463399
CS(=O)(=O)\N=C\1C(OC)=C(OC)C(=N/S(=O)(=O)C)\c(c2OC)c1cc(c23)cc(OC)cc3OC,2.398305588
CS(=O)(=O)\N=C\1/C(=N/S(=O)(=O)C)C=C(N)c(c1c23)ccc2c(N)cc(N)c3N,2.315996545
CS(=O)(=O)\N=C\1/C(=N/S(=O)(=O)C)C=C(N)c(c2N)c1cc(c23)cc(N)cc3N,2.244027834
CS(=O)(=O)\N=C(C(F)=C1)\C(=N/S(=O)(=O)C)\c2c1cc(F)c(c23)c(F)cc(F)c3F,2.903327403
N#Cc1c(C#N)cc(C#N)c(c12)c3c(cc2C#N)=CC(=N\S(=O)(=O)C)\C(\C=3C#N)=N\S(=O)(=O)C,3.841609128
COC1=CC(=N/S(=O)(=O)C)\C(=N/S(=O)(=O)C)\c(c2OC)c1c(OC)c(c23)c(OC)cc(OC)c3OC,2.374522824
CS(=O)(=O)\N=C(C1)/C(=N/S(=O)(=O)C)C=c2c=1c(Cl)c(Cl)c(c23)cc(Cl)cc3,3.309495644
CS(=O)(=O)\N=C\1C(OC)=CC(=N/S(=O)(=O)C)\c(c1c23)c(OC)c(OC)c2cccc3OC,2.389826516
N#Cc1c(C#N)ccc2c(C#N)c(C#N)c(c3c12)C=C(C#N)/C(=N\S(=O)(=O)C)C\3=N/S(=O)(=O)C,3.691881121
N#CC1=C(C#N)/C(=N\S(=O)(=O)C)C(=N\S(=O)(=O)C)\c(c12)cc(C#N)c(C#N)c2,3.706978006
CS(=O)(=O)\N=C\1C(N)=C(N)C(=N/S(=O)(=O)C)\c(c2N)c1c(N)c(c23)cc(N)c(N)c3N,1.908587464
Clc1ccc(Cl)c(C\2=N\S(=O)(=O)C)c1C(=N\S(=O)(=O)C)\c(c23)c(Cl)cc(Cl)c3Cl,2.508533527
Nc1ccc(N)c(c12)/C(=N/S(=O)(=O)C)C(=N\S(=O)(=O)C)\c3c2cccc3,2.309378733
CS(=O)(=O)\N=C\1/C(=N/S(=O)(=O)C)C=Cc(c2F)c1c(F)c(c23)cc(F)cc3F,2.798683243
N#Cc(c1)c(C#N)cc(c12)C=C(C#N)/C(=N\S(=O)(=O)C)C\2=N\S(=O)(=O)C,3.339068993
CS(=O)(=O)\N=C\1/C(=N/S(=O)(=O)C)C=C(F)c(c2)c1cc(c23)ccc(F)c3F,2.754840235
CS(=O)(=O)\N=C\1C(F)=CC(=N/S(=O)(=O)C)\c(c12)c(F)c(F)cc2F,2.826808946
CS(=O)(=O)\N=C\1C(OC)=C(OC)C(=N/S(=O)(=O)C)\c(c12)c(OC)cc3c2ccc(c3)OC,2.493850255
CS(=O)(=O)\N=C\1/C(=N/S(=O)(=O)C)C(N)=C(N)c(c2N)c1cc(c23)cc(N)cc3N,2.143726614
Nc1cccc(c12)/C(=N/S(=O)(=O)C)C(N)=CC\2=N/S(=O)(=O)C,2.388585676
CS(=O)(=O)\N=C\1/C(=N/S(=O)(=O)C)C(N)=Cc2c1c(N)c(N)c(c23)cc(N)cc3N,2.360046359
CS(=O)(=O)/N=C(C1F)/C(=N\S(=O)(=O)C)C(F)=c(c2F)c=1cc(c23)c(F)c(F)c(F)c3F,3.532226395
COc1cc(OC)cc2/C(=N/S(=O)(=O)C)C(=N\S(=O)(=O)C)\c(c3c12)cccc3,2.523423605
CS(=O)(=O)\N=C(\C1F)/C(=N/S(=O)(=O)C)C=c2c=1cc(F)c(c23)cc(F)c(F)c3F,3.204024257
Cc1c(C)cc(C)c(c12)c3c(cc2C)C(C)=C(C)/C(=N\S(=O)(=O)C)C\3=N/S(=O)(=O)C,2.434910363
CS(=O)(=O)/N=C(\C1N)/C(=N\S(=O)(=O)C)C=c(c=1c23)cc(N)c2ccc(N)c3N,2.385897189
COc(c1)ccc(c1c23)c(OC)cc2/C(=N/S(=O)(=O)C)C=C(OC)C\3=N/S(=O)(=O)C,2.485164377
CS(=O)(=O)\N=C(C=C1Cl)\C(=N/S(=O)(=O)C)\c(c1c23)c(Cl)c(Cl)c2cc(Cl)c(Cl)c3Cl,3.011280469
Cc(c1)ccc(cc2C)c1c(c23)C(C)=CC(=N/S(=O)(=O)C)\C\3=N/S(=O)(=O)C,2.657227501
N#Cc1c(C#N)cc(C#N)c(c12)cc(C#N)c3c2C=C(C#N)/C(=N\S(=O)(=O)C)C\3=N/S(=O)(=O)C,3.610606111
CS(=O)(=O)\N=C(C=C1)\C(=N\S(=O)(=O)C)\c(c12)ccc(N)c2N,2.420847512
CS(=O)(=O)/N=C\1C(=N\S(=O)(=O)C)\C(C)=Cc(c12)ccc(C)c2,2.494470675
CS(=O)(=O)\N=C\1/C(=N/S(=O)(=O)C)C=Cc2cc(F)c(c3c12)cccc3,2.834047178
Cc(c1)c(C)c(C)c(c1c23)ccc3=C(C)/C(=N/S(=O)(=O)C)C(\C=2C)=N\S(=O)(=O)C,2.823086426
COc1cccc(c12)c3c(cccc3)/C(=N\S(=O)(=O)C)C\2=N/S(=O)(=O)C,2.453522961
Cc(c1)c(C)cc(c2C)c1cc(c23)C(=N\S(=O)(=O)C)\C(C)=CC\3=N/S(=O)(=O)C,2.434289943
CS(=O)(=O)\N=C\1C=C(N)C(=N/S(=O)(=O)C)\c2ccc(c3c12)cc(N)cc3,2.373902404
CS(=O)(=O)\N=C\1C(N)=C(N)C(=N/S(=O)(=O)C)\c(c1c23)c(N)cc2c(N)c(N)cc3N,2.053352112
N#Cc1cc(C#N)c(C#N)c(c12)c3c(cc2C#N)/C(=N/S(=O)(=O)C)C=CC\3=N/S(=O)(=O)C,3.403179052
COc1c(OC)ccc(c12)c3c(/C(=N/S(=O)(=O)C)C\2=N\S(=O)(=O)C)cc(OC)c(c3)OC,2.436564816
CS(=O)(=O)/N=C(C1)/C(=N\S(=O)(=O)C)C=c(c2)c=1cc(c23)c(F)ccc3F,3.419516776
CS(=O)(=O)\N=C\1/C(=N/S(=O)(=O)C)C=C(N)c(c1c23)c(N)c(N)c2ccc(N)c3N,2.210731965
N#Cc1c(C#N)ccc(c12)/C(=N\S(=O)(=O)C)C(\C(C#N)=C2C#N)=N\S(=O)(=O)C,3.673268523
N#Cc1c(C#N)ccc2ccc(c3c12)/C(=N/S(=O)(=O)C)/C(C=C3C#N)=N/S(=O)(=O)C,3.396354432
CS(=O)(=O)\N=C(C=C1)\C(=N/S(=O)(=O)C)\c(c(C#N)c2C#N)c1c(c23)cc(C#N)cc3C#N,3.385186874
Clc1cc(Cl)cc(c12)C(=N/S(=O)(=O)C)\c3c(C\2=N\S(=O)(=O)C)cccc3Cl,2.536866037
CS(=O)(=O)\N=C\1/C(=N/S(=O)(=O)C)C(N)=Cc(c2N)c1cc(c23)c(N)ccc3,2.503156554
CS(=O)(=O)\N=C\1C(=N\S(=O)(=O)C)\C(C)=C(C)c(c2C)c1c(C)c(c23)cccc3C,2.295109074
Fc1c(F)cc(F)c2/C(=N/S(=O)(=O)C)C(=N\S(=O)(=O)C)\c(c3c12)ccc(F)c3F,2.64254423
Cc(c1)cc(C)c(cc2C)c1c(c23)C(C)=CC(=N/S(=O)(=O)C)\C\3=N/S(=O)(=O)C,2.647507589
c1cccc(c2OC)c1cc(c23)/C(=N/S(=O)(=O)C)C=C(OC)C\3=N/S(=O)(=O)C,2.466965392
COc1cc(OC)c(OC)c2/C(=N/S(=O)(=O)C)C(=N\S(=O)(=O)C)\c(c3c12)c(OC)ccc3OC,2.268637824
N#CC1=C(C#N)/C(=N/S(=O)(=O)C)C=CC\1=N/S(=O)(=O)C,3.62301451
c1ccc(C)c(cc2C)c1c(c23)C=CC(=N/S(=O)(=O)C)\C\3=N/S(=O)(=O)C,2.788342911
CS(=O)(=O)\N=C\1C=C(N)C(=N/S(=O)(=O)C)\c(c1c23)c(N)c(N)c2cc(N)cc3N,2.286836809
CS(=O)(=O)\N=C\1C(=N\S(=O)(=O)C)\C(C#N)=C(C#N)c2ccc(c3c12)ccc(C#N)c3,3.526849422
COc1c(OC)cc(OC)c(c12)/C(=N\S(=O)(=O)C)c3c(C\2=N\S(=O)(=O)C)cccc3,2.35384216
CS(=O)(=O)\N=C\1/C(=N/S(=O)(=O)C)C=Cc(c12)c(N)c3c(c2N)cc(N)c(c3)N,2.229964983
CS(=O)(=O)\N=C\1C(=N\S(=O)(=O)C)\C(C#N)=C(C#N)c(c(C#N)c2C#N)c1c(c23)c(C#N)ccc3C#N,3.923297751
Cc1cc(C)cc(c12)C(=N\S(=O)(=O)C)\C(C)=CC\2=N/S(=O)(=O)C,2.563957706
CS(=O)(=O)/N=C(\C=1C)C(=N/S(=O)(=O)C)\C(C)=c2cc(C)c(c3c12)ccc(C)c3,2.825154493
COC1/C(=N\S(=O)(=O)C)/C(=N\S(=O)(=O)C)C=c(c=12)cc3c(c2)cccc3,3.126264961
N#Cc(c1)ccc(c(C#N)c2C#N)c1c(c23)C=C(C#N)/C(=N\S(=O)(=O)C)C\3=N/S(=O)(=O)C,3.556215965
COc1c(OC)c(OC)cc2c1/C(=N\S(=O)(=O)C)C(=N/S(=O)(=O)C)\c(c23)c(OC)c(OC)cc3OC,2.273601184
CS(=O)(=O)\N=C\1/C(=N/S(=O)(=O)C)C=Cc2c1c(Cl)c(Cl)c(c23)cccc3Cl,2.982120732
Cc1c(C)c(C)cc(c12)cc3c(c2)/C(=N/S(=O)(=O)C)C=C(C)/C3=N\S(=O)(=O)C,2.545345109
CS(=O)(=O)\N=C\1C=C(OC)C(=N/S(=O)(=O)C)\c(c1c23)c(OC)c(OC)c2cc(OC)cc3OC,2.32923217
N#Cc1c(C#N)ccc(c2C#N)c1cc(c23)=C(C#N)/C(=N\S(=O)(=O)C)C(\C=3C#N)=N/S(=O)(=O)C,4.202279908
CS(=O)(=O)/N=C(\C1F)/C(=N\S(=O)(=O)C)C=c2cc(F)c(c3c=12)cccc3,3.162662929
CS(=O)(=O)/N=C\1/C(=N/S(=O)(=O)C)C(N)=Cc(c12)c(N)c(N)cc2N,2.072171516
CS(=O)(=O)\N=C\1C=C(C)/C(=N\S(=O)(=O)C)c(c(C)c2C)c1c(c23)ccc(C)c3C,2.390240129
CS(=O)(=O)\N=C\1/C(=N/S(=O)(=O)C)C=Cc(c12)c3c(cc2F)cccc3,2.907877149
CS(=O)(=O)/N=C(C1Cl)/C(=N\S(=O)(=O)C)C(Cl)=c(c2Cl)c=1cc(c23)cccc3Cl,3.458396424
CS(=O)(=O)\N=C\1C(=N\S(=O)(=O)C)\C(C)=C(C)c(c2C)c1c(C)c(c23)cc(C)cc3C,2.278564543
N#CC1=C/C(=N/S(=O)(=O)C)C=CC\1=N/S(=O)(=O)C,3.330589921
COc1c(OC)c(OC)cc2/C(=N/S(=O)(=O)C)C(=N\S(=O)(=O)C)\c(c3c12)c(OC)c(cc3)OC,2.490127736
CS(=O)(=O)\N=C\1C(N)=CC(=N/S(=O)(=O)C)\c(c1c23)cc(N)c2cc(N)cc3N,2.22769011
Cc1c(C)c(C)cc(c12)c(C)c=3c(c2)=CC(=N\S(=O)(=O)C)/C(C3)=N\S(=O)(=O)C,3.217673495
CS(=O)(=O)\N=C(C(N)=C1N)\C(=N/S(=O)(=O)C)\c(c2)c1cc(c23)cc(N)c(N)c3N,2.195221467
COc1cc(OC)c(OC)c2/C(=N\S(=O)(=O)C)C(=N/S(=O)(=O)C)\c(c3c12)c(OC)c(OC)cc3OC,2.410713986
CS(=O)(=O)\N=C\1C(=N\S(=O)(=O)C)\C(C#N)=C(C#N)c2ccc(c3c12)cc(C#N)c(C#N)c3,3.640179461
c1cc(C)c(C)c(c1c23)/C(=N\S(=O)(=O)C)C(=N/S(=O)(=O)C)\c3cc(C)cc2C,2.316203352
Cc1c(C)cc(C)c2cc(C)c(c3c12)/C(=N/S(=O)(=O)C)C=C(C)/C3=N\S(=O)(=O)C,2.450834474
CS(=O)(=O)\N=C1\C(F)=C/C(C=C1)=N/S(=O)(=O)C,3.120887988
CS(=O)(=O)\N=C(C(F)=C1)\C(=N/S(=O)(=O)C)\c(c2F)c1cc(c23)ccc(F)c3F,2.800544503
Cc1ccc(C)c(c12)/C(=N\S(=O)(=O)C)/C(C=C2C)=N/S(=O)(=O)C,2.349499221
Cc1c(C)c(C)cc(c12)cc3c(c2C)C(C)=CC(=N/S(=O)(=O)C)\C\3=N/S(=O)(=O)C,2.531282257
CS(=O)(=O)\N=C(C(Cl)=C1Cl)\C(=N/S(=O)(=O)C)\c2c1c(Cl)c(Cl)c(c23)c(Cl)cc(Cl)c3Cl,2.987290898
CS(=O)(=O)\N=C\1/C(=N/S(=O)(=O)C)C(N)=C(N)c(c12)cc3c(c2)cc(N)cc3,2.27628967
COc1c(OC)c(OC)cc(c12)C(=N/S(=O)(=O)C)\c3c(C\2=N\S(=O)(=O)C)cc(OC)c(OC)c3OC,2.15137846
CS(=O)(=O)\N=C(C(N)=C1N)\C(=N/S(=O)(=O)C)\c2cc(N)c(c3c12)cccc3,2.349499221
CS(=O)(=O)\N=C\1C=C(F)C(=N/S(=O)(=O)C)\c(c12)c(F)cc3c2cc(F)cc3F,2.863206914
CS(=O)(=O)\N=C(C(N)=C1N)\C(=N/S(=O)(=O)C)\c(c2)c1cc(c23)c(N)cc(N)c3N,2.24857758
CS(=O)(=O)\N=C\1/C(=N/S(=O)(=O)C)C=C(OC)c(c1c23)c(OC)c(OC)c2cccc3OC,2.447939181
COc1c(OC)ccc(c1c23)/C(=N/S(=O)(=O)C)C(=N\S(=O)(=O)C)\c2c(OC)c(OC)cc3OC,2.404096174
COc(cc1)cc(c2OC)c1c(OC)c(c23)C(OC)=CC(=N/S(=O)(=O)C)\C\3=N/S(=O)(=O)C,2.426224484
Cc1c(C)c(C)c(C)c(c12)C(=NS(=O)(=O)C)c3c(C2=NS(=O)(=O)C)c(C)c(C)c(C)c3C,2.002891292
Cc1cc(C)cc2/C(=N/S(=O)(=O)C)C(=N\S(=O)(=O)C)\c(c3c12)cccc3C,2.410713986
CS(=O)(=O)/N=C\1c(cc(N)cc2)c2C(=N\S(=O)(=O)C)\c(c13)c(N)ccc3N,2.008888685
Cc1c(C)c(C)cc(c12)C(=N/S(=O)(=O)C)\c3c(C\2=N\S(=O)(=O)C)cccc3C,2.17722929
CS(=O)(=O)\N=C\1C=C(C#N)/C(=N\S(=O)(=O)C)c(c(C#N)c2C#N)c1c(c23)cc(C#N)cc3C#N,3.530778748
CS(=O)(=O)\N=C\1/C(=N/S(=O)(=O)C)C(N)=C(N)c(c12)cc3c(c2N)cccc3,2.1993576
CS(=O)(=O)\N=C\1C=CC(=N/S(=O)(=O)C)\c(c1c23)ccc2cccc3N,2.730230245
Cc(c1)ccc2/C(=N/S(=O)(=O)C)C(=N\S(=O)(=O)C)\c(c3c12)cccc3,2.541002169
CS(=O)(=O)\N=C\1C=CC(=N/S(=O)(=O)C)\c(c1c23)ccc2cccc3Cl,2.7724188
CS(=O)(=O)\N=C(C1N)\C(=N/S(=O)(=O)C)C(N)=c(c=12)c(N)c(N)c3c2ccc(c3)N,2.554030988
N#Cc1c(C#N)c(C#N)cc(c12)c3c(c(C#N)c2C#N)C(C#N)=CC(=N/S(=O)(=O)C)\C\3=N/S(=O)(=O)C,3.8002478
N#Cc1ccc(C#N)c2cc(C#N)c(c3c12)C=CC(=N/S(=O)(=O)C)\C\3=N/S(=O)(=O)C,3.263377763
CS(=O)(=O)\N=C(\C1N)/C(=N/S(=O)(=O)C)C=c2c=1c(N)c(N)c(c23)cccc3N,2.783793165
Cc1ccc(C)c(c12)/C(=N\S(=O)(=O)C)c3c(C\2=N\S(=O)(=O)C)cc(C)cc3,2.184674329
N#CC1=C(C#N)/C(=N\S(=O)(=O)C)C(=N/S(=O)(=O)C)\c(c(C#N)c2C#N)c1c(c23)cc(C#N)cc3C#N,3.923297751
Nc1ccc(N)c(c12)/C(=N/S(=O)(=O)C)C(=N\S(=O)(=O)C)\c3c2cccc3N,2.149103587
CS(=O)(=O)\N=C\1/C(=N/S(=O)(=O)C)C=Cc(c2OC)c1cc(c23)c(OC)ccc3OC,2.647714396
N#CC1=C(C#N)/C(=N\S(=O)(=O)C)C(=N/S(=O)(=O)C)\c(c12)c(C#N)cc3c2cc(C#N)cc3,3.664375838
c1cccc(c2C#N)c1c(C#N)c(c23)=CC(=N\S(=O)(=O)C)\C(\C=3C#N)=N\S(=O)(=O)C,3.910475739
Nc1cc(N)cc(C\2=N\S(=O)(=O)C)c1/C(=N/S(=O)(=O)C)c(c23)cc(N)cc3N,1.921202669
CS(=O)(=O)\N=C(C(F)=C1F)\C(=N/S(=O)(=O)C)\c(c1c23)c(F)cc2c(F)cc(F)c3F,3.061741289
Cc1c(C)c(C)c(C)c2ccc(c3c12)C(C)=C(C)/C(=N\S(=O)(=O)C)C\3=N/S(=O)(=O)C,2.438426076
CS(=O)(=O)/N=C(C1)\C(=N\S(=O)(=O)C)\C(N)=c(c2N)c=1c(N)c(c23)cc(N)cc3N,2.448766408
CS(=O)(=O)\N=C\1C(N)=C(N)C(=N/S(=O)(=O)C)\c(c12)c(N)c(N)c3c2cc(N)cc3,2.020469856
Cc1c(C)cc(C)c(c12)/C(=N/S(=O)(=O)C)C(=N\S(=O)(=O)C)\c3c2cc(C)cc3,2.339158889
CS(=O)(=O)\N=C\1/C(=N/S(=O)(=O)C)C=Cc(c2N)c1c(N)c(c23)ccc(N)c3N,2.238237248
CS(=O)(=O)\N=C\1C(=N\S(=O)(=O)C)\C(C)=Cc2ccc(c3c12)ccc(C)c3,2.667567833
CS(=O)(=O)\N=C(C(N)=C1N)\C(=N/S(=O)(=O)C)\c(c12)cc3c(c2N)cc(N)cc3,2.149103587
COc1cc(OC)c(OC)c2ccc(c3c12)C(OC)=CC(=N/S(=O)(=O)C)\C\3=N/S(=O)(=O)C,2.467792619
CS(=O)(=O)/N=C(\C1F)/C(=N\S(=O)(=O)C)C=c(c2F)c=1cc(c23)c(F)ccc3,3.462532557
CS(=O)(=O)\N=C\1/C(=N/S(=O)(=O)C)C=C(N)c(c12)cc3c(c2N)cccc3,2.242786994
CS(=O)(=O)\N=C(C=C1)\C(=N/S(=O)(=O)C)\c2c1cc(N)c(c23)c(N)c(N)cc3N,2.471308332
CS(=O)(=O)\N=C(C(=C1)N)\C(=N/S(=O)(=O)C)\c(c2N)c1c(N)c(c23)cc(N)c(N)c3N,2.079616556
CS(=O)(=O)/N=C\1/C(=N/S(=O)(=O)C)C(N)=C(N)c(c12)c(N)c(N)c(N)c2N,1.939401654
COc1c(OC)ccc(c12)c3c(c(OC)ccc3)/C(=N\S(=O)(=O)C)C\2=N/S(=O)(=O)C,2.396237521
Cc1c(C)c(C)c(C)c(c12)cc3c(c2C)C(=N\S(=O)(=O)C)\C(C)=CC\3=N/S(=O)(=O)C,2.4547638
CS(=O)(=O)\N=C\1C(F)=CC(=N/S(=O)(=O)C)\c(c12)cc3c(c2F)ccc(F)c3,2.725473692
COc1c(OC)ccc(c12)cc3c(c2)/C(=N/S(=O)(=O)C)C=C(OC)C\3=N/S(=O)(=O)C,2.422915578
CS(=O)(=O)\N=C(C(=C1)N)\C(=N/S(=O)(=O)C)\c2c1c(N)c(N)c(c23)c(N)ccc3N,2.371834338
CS(=O)(=O)/N=C\1C(=N/S(=O)(=O)C)\c(c(Cl)c(Cl)c(Cl)c2)c2c(c13)cc(Cl)c(Cl)c3Cl,2.670876739
CS(=O)(=O)\N=C\1C(N)=CC(=N/S(=O)(=O)C)\c(c1c23)ccc2c(N)ccc3N,2.456418254
CS(=O)(=O)\N=C\1C=CC(=N/S(=O)(=O)C)\c2c1c(Cl)c(Cl)c(c23)c(Cl)c(Cl)c(Cl)c3Cl,2.918217481
Cc1c(C)cc(C)c(c12)/C(=N/S(=O)(=O)C)C(=N\S(=O)(=O)C)\c3c2cccc3,2.383208703
Cc1ccc(C)c(c12)C(=NS(=O)(=O)C)c3c(C2=NS(=O)(=O)C)c(C)ccc3C,2.187362815
c1cc(C)c(C)c(c1c23)cc(C)c3=CC(=N\S(=O)(=O)C)\C(\C=2C)=N\S(=O)(=O)C,2.931866719
Cc(c1)c(C)cc(c2C)c1c(C)c(c23)C=CC(=N/S(=O)(=O)C)\C\3=N/S(=O)(=O)C,2.511222013
N#Cc(c1)c(C#N)c(C#N)c(c1c23)ccc3/C(=N/S(=O)(=O)C)C(\C(C#N)=C2C#N)=N\S(=O)(=O)C,3.75412992
CS(=O)(=O)\N=C\1C(OC)=CC(=N/S(=O)(=O)C)\c(c2OC)c1c(OC)c(c23)c(OC)cc(OC)c3OC,2.27939177
CS(=O)(=O)\N=C(C1)/C(=N/S(=O)(=O)C)C=c2c=1ccc(c23)c(N)ccc3N,2.84500793
CS(=O)(=O)/N=C(C1Cl)\C(=N\S(=O)(=O)C)C(Cl)=c(c=12)cc3c(c2Cl)cccc3Cl,3.479490702
CS(=O)(=O)\N=C(C1)/C(=N/S(=O)(=O)C)C=c2c=1ccc(c23)c(F)c(F)cc3F,3.192029472
Cc1c(C)c(C)cc2/C(=N\S(=O)(=O)C)C(=N/S(=O)(=O)C)\c(c3c12)cc(C)c(C)c3C,2.310619572
CS(=O)(=O)\N=C(C1)/C(=N/S(=O)(=O)C)C=c2c=1cc(N)c(c23)cc(N)cc3N,2.674185646
COc1c(OC)ccc2/C(=N/S(=O)(=O)C)C(=N\S(=O)(=O)C)\c(c3c12)cc(OC)c(c3)OC,2.383208703
c1cccc(c2C)c1c(C)c(c23)C(=N\S(=O)(=O)C)\C(C)=C(C)/C3=N\S(=O)(=O)C,2.295315881
CS(=O)(=O)\N=C(C=C1)\C(=N/S(=O)(=O)C)\c(c2OC)c1cc(c23)cccc3OC,2.566439386
CS(=O)(=O)\N=C\1/C(=N/S(=O)(=O)C)C(Cl)=Cc(c2Cl)c1cc(c23)cc(Cl)cc3Cl,2.904361436
CS(=O)(=O)\N=C\1/C(=N/S(=O)(=O)C)C(F)=C(F)c(c1c23)c(F)cc3ccc(F)c2F,3.052228183
CS(=O)(=O)\N=C(C=C1)\C(=N/S(=O)(=O)C)\c(c1c23)ccc3ccc(N)c2N,2.781518292
N#Cc1c(C#N)c(C#N)c(C#N)c(c12)C(=NS(=O)(=O)C)c3c(C2=NS(=O)(=O)C)c(C#N)c(C#N)c(C#N)c3C#N,3.639972654
COc1c(OC)c(OC)cc2cc(OC)c(c3c12)/C(=N/S(=O)(=O)C)C(OC)=C(OC)C\3=N/S(=O)(=O)C,2.319719065
CS(=O)(=O)\N=C\1C=CC(=N/S(=O)(=O)C)\c(c12)c(N)cc3c2cc(N)cc3,2.577813751
N#Cc(c1)cc(C#N)c(cc2C#N)c1c(c23)/C(=N/S(=O)(=O)C)C=CC\3=N/S(=O)(=O)C,3.128333027
CS(=O)(=O)\N=C\1/C(=N/S(=O)(=O)C)C=C(N)c(c2N)c1cc(c23)cccc3N,2.312274026
Cc1c(C)ccc(c2C)c1cc(c23)C(C)=CC(=N/S(=O)(=O)C)\C\3=N/S(=O)(=O)C,2.493229836
COc1c(OC)c(OC)cc(c12)c=3c(cc2OC)=CC(=N/S(=O)(=O)C)/C(C3)=N/S(=O)(=O)C,2.969919141
CS(=O)(=O)\N=C\1C=C(OC)C(=N/S(=O)(=O)C)\c(c12)c(OC)cc3c2cc(OC)c(c3)OC,2.432221877
N#Cc1c(C#N)c(C#N)cc2c(C#N)cc(c3c12)C(=N\S(=O)(=O)C)\C(C#N)=C(C#N)/C3=N\S(=O)(=O)C,3.740480681
CS(=O)(=O)/N=C(C1)/C(=N\S(=O)(=O)C)C=c(c2OC)c=1cc(c23)ccc(c3)OC,3.255312304
Cc1cc(C)c(C)c2cc(C)c(c3c12)C(C)=C(C)/C(=N\S(=O)(=O)C)C\3=N/S(=O)(=O)C,2.421054318
CS(=O)(=O)\N=C\1C=C(N)C(=N/S(=O)(=O)C)\c2ccc(c3c12)cccc3,2.511842433
COc1cc(OC)cc(c2OC)c1cc(c23)/C(=N/S(=O)(=O)C)C(OC)=C(OC)C\3=N/S(=O)(=O)C,2.412575246
CS(=O)(=O)\N=C\1C=CC(=N/S(=O)(=O)C)\c(c12)c(N)cc3c2cc(N)c(c3)N,2.492816222
CS(=O)(=O)\N=C(\C1F)/C(=N/S(=O)(=O)C)C=c2c=1ccc(c23)c(F)cc(F)c3,3.2863333
CS(=O)(=O)\N=C\1C(N)=C(N)C(=N/S(=O)(=O)C)\c(c12)cc(N)cc2N,2.20183928
CS(=O)(=O)\N=C(C1)/C(=N/S(=O)(=O)C)C=c2c=1c(N)cc(c23)c(N)c(N)c(c3)N,2.956269902
CS(=O)(=O)\N=C(C1)/C(=N/S(=O)(=O)C)C=c2c=1c(N)cc(c23)c(N)c(N)cc3,2.975089307
N#Cc1cccc2c(C#N)c(C#N)c(c3c12)/C(=N/S(=O)(=O)C)C=C(C#N)/C3=N\S(=O)(=O)C,3.369469569
Cc1cc(C)cc2c(C)cc(c3c12)C=CC(=N/S(=O)(=O)C)\C\3=N/S(=O)(=O)C,2.68990295
CS(=O)(=O)\N=C\1C=CC(=N/S(=O)(=O)C)\c2ccc(c3c12)cc(Cl)cc3,2.801578536
COc(c1)c(OC)cc(c12)C=C(OC)C(=N/S(=O)(=O)C)\C\2=N\S(=O)(=O)C,2.415470539
CS(=O)(=O)/N=C1\C(C#N)=C(C#N)/C(=N\S(=O)(=O)C)c(c1c23)ccc3c(C#N)ccc2C#N,3.475354569
CS(=O)(=O)\N=C\1C=C(F)C(=N/S(=O)(=O)C)\c(c12)cc3c(c2F)ccc(F)c3F,2.790410977
CS(=O)(=O)\N=C(C1F)/C(=N/S(=O)(=O)C)C(F)=c2c=1cc(F)c(c23)c(F)c(F)c(F)c3F,3.279301874
CS(=O)(=O)\N=C\1C=C(N)C(=N/S(=O)(=O)C)\c(c12)c(N)cc3c2ccc(c3)N,2.328198137
CS(=O)(=O)\N=C(C1N)\C(=N/S(=O)(=O)C)C(N)=c(c=1c23)cc(N)c2cc(N)cc3N,2.402234914
Cc1cc(C)c(C)c(c12)/C(=N/S(=O)(=O)C)C(=N\S(=O)(=O)C)\c3c2cc(C)cc3,2.35322174
CS(=O)(=O)\N=C\1C(=N\S(=O)(=O)C)\C(C)=C(C)c(c2)c1cc(c23)cc(C)cc3C,2.463036066
CS(=O)(=O)\N=C(C=C1)\C(=N/S(=O)(=O)C)\c2c1c(Cl)c(Cl)c(c23)c(Cl)cc(Cl)c3Cl,2.992047451
Cc1c(C)ccc(c12)c(C)c3c(c2C)/C(=N/S(=O)(=O)C)C(\C(C)=C3)=N\S(=O)(=O)C,2.40740508
CS(=O)(=O)/N=C\1c(c(Cl)ccc2)c2C(=N\S(=O)(=O)C)\c(c13)ccc(Cl)c3Cl,2.516598986
CS(=O)(=O)\N=C\1C=CC(=N/S(=O)(=O)C)\c(c12)cc3c(c2F)ccc(F)c3,2.823706846
Cc1c(C)c(C)cc2cc(C)c(c3c12)/C(=N/S(=O)(=O)C)/C(C=C3C)=N/S(=O)(=O)C,2.61173004
CS(=O)(=O)/N=C(\C=1C)C(=N/S(=O)(=O)C)\C(C)=c(c12)cc3c(c2)cccc3,3.121508408
Cc1cc(C)cc2c(C)c(C)c(c3c12)C(=N\S(=O)(=O)C)\C(C)=C(C)/C3=N\S(=O)(=O)C,2.226656077
COc(c1)cc(OC)c(C\2=N/S(=O)(=O)C)c1C(=N/S(=O)(=O)C)\c(c23)c(OC)ccc3OC,2.143106194
CS(=O)(=O)\N=C(C1Cl)\C(=N/S(=O)(=O)C)C(Cl)=c2ccc(c3c=12)cccc3,3.224911728
Cc1c(C)c(C)cc(c12)c3c(cc2)/C(=N/S(=O)(=O)C)/C(C=C3)=N/S(=O)(=O)C,2.833633565
Nc1ccc(N)c(c12)/C(=N/S(=O)(=O)C)C(=N\S(=O)(=O)C)\c3c2cc(N)cc3,2.154480559
CS(=O)(=O)\N=C\1/C(=N/S(=O)(=O)C)C(Cl)=Cc(c2Cl)c1c(Cl)c(c23)cc(Cl)cc3Cl,2.881199092
CS(=O)(=O)/N=C(\C=1C#N)/C(=N\S(=O)(=O)C)C=c(c2C#N)c1cc(c23)cc(C#N)cc3,3.860428533
COc1cccc2cc(OC)c(c3c12)/C(=N/S(=O)(=O)C)C(OC)=CC\3=N/S(=O)(=O)C,2.416711379
CS(=O)(=O)\N=C(C1)\C(=N/S(=O)(=O)C)C=c(c=1c23)c(F)cc2cccc3,3.246419618
CS(=O)(=O)\N=C\1/C(=N/S(=O)(=O)C)C(F)=C(F)c(c12)c(F)c3c(c2F)ccc(F)c3,2.801992149
Cc1c(C)ccc(c12)/C(=N/S(=O)(=O)C)C=CC\2=N/S(=O)(=O)C,2.648955235
CS(=O)(=O)\N=C(C1)\C(=N/S(=O)(=O)C)\C(F)=c(c(F)c2F)c=1c(c23)c(F)cc(F)c3F,3.274338515
CS(=O)(=O)\N=C\1C=C(N)C(=N/S(=O)(=O)C)\c(c1c23)ccc2c(N)ccc3N,2.474824045
CS(=O)(=O)\N=C\1/C(=N/S(=O)(=O)C)C=C(N)c2c1cc(N)c(c23)c(N)c(N)c(N)c3N,2.33233427
COc1cc(OC)cc(c12)/C(=N\S(=O)(=O)C)c3c(C\2=N\S(=O)(=O)C)cccc3,2.342674602
CS(=O)(=O)\N=C(C1)\C(=N\S(=O)(=O)C)\C(Cl)=c(c=12)cc(Cl)cc2Cl,3.314872616
CS(=O)(=O)/N=C\1C(=N\S(=O)(=O)C)\C(C#N)=Cc(c12)ccc(C#N)c2,3.100000517
N#Cc1c(C#N)c(C#N)c(C#N)c(c12)c3c(c(C#N)c2C#N)C(=N\S(=O)(=O)C)\C(C#N)=CC\3=N/S(=O)(=O)C,3.884624909
CS(=O)(=O)\N=C(C(=C1)N)\C(=N\S(=O)(=O)C)\c(c12)cc(N)c(N)c2N,2.25478178
CS(=O)(=O)\N=C\1C(N)=CC(=N/S(=O)(=O)C)\c(c1c23)c(N)c(N)c2cc(N)c(N)c3N,2.185087942
CS(=O)(=O)/N=C(\C=1C)C(=N/S(=O)(=O)C)\C(C)=c(c2)c1cc(c23)cc(C)cc3C,3.074770107
N#Cc1c(C#N)cc(C#N)c(c12)c(C#N)c3c(c2C#N)/C(=N/S(=O)(=O)C)C(\C(C#N)=C3)=N\S(=O)(=O)C,3.662928191
Cc(c1)ccc(c2C)c1c(C)c(c23)/C(=N/S(=O)(=O)C)C(\C(C)=C3C)=N\S(=O)(=O)C,2.279805383
COC1C(=N/S(=O)(=O)C)\C(=N/S(=O)(=O)C)C(OC)=c(c=12)c(OC)cc3c2cccc3,2.886989678
CS(=O)(=O)\N=C(C=C1)\C(=N/S(=O)(=O)C)\c(c2N)c1c(N)c(c23)c(N)ccc3N,2.216315745
CC1=CC(C)=CC(=N\S(=O)(=O)C)\C\1=N\S(=O)(=O)C,2.874788086
Cc1cc(C)cc(c12)/C(=N\S(=O)(=O)C)c3c(C\2=N\S(=O)(=O)C)cccc3,2.244648254
CS(=O)(=O)/N=C\1c(cc(N)c(c2)N)c2C(=N\S(=O)(=O)C)\c(c13)ccc(N)c3N,2.031016995
CS(=O)(=O)\N=C\1/C(=N/S(=O)(=O)C)C=Cc(c1c23)c(Cl)cc2c(Cl)ccc3Cl,2.947584024
CS(=O)(=O)\N=C\1/C(=N/S(=O)(=O)C)C(N)=C(N)c(c12)c(N)c3c(c2N)cccc3,2.104226546
COc1c(OC)c(OC)c(OC)c2cc(OC)c(c3c12)/C(=N/S(=O)(=O)C)C(OC)=CC\3=N/S(=O)(=O)C,2.37845215
CS(=O)(=O)\N=C\1/C(=N/S(=O)(=O)C)C=Cc2c1cc(F)c(c23)cc(F)cc3F,2.946756797
CS(=O)(=O)\N=C(C1)\C(=N/S(=O)(=O)C)\C(C)=c(c=1c23)ccc3cc(C)cc2C,2.935382432
Cc1c(C)ccc(c12)c3c(cc(C)c(C)c3)/C(=N/S(=O)(=O)C)C\2=N\S(=O)(=O)C,2.32799133
CS(=O)(=O)\N=C\1C(N)=CC(=N/S(=O)(=O)C)\c(c12)ccc(c2)N,2.414229699
CS(=O)(=O)\N=C\1/C(=N/S(=O)(=O)C)C=C(F)c(c1c23)c(F)cc2c(F)cc(F)c3F,2.92628294
CS(=O)(=O)\N=C(C=C1N)\C(=N/S(=O)(=O)C)\c(c12)c(N)cc3c2cc(N)cc3,2.357151066
COC1=C(OC)C(=N/S(=O)(=O)C)\C(=N/S(=O)(=O)C)\c(c12)c(OC)c(OC)c3c2ccc(c3)OC,2.712238067
CS(=O)(=O)\N=C\1/C(=N/S(=O)(=O)C)C(Cl)=C(Cl)c(c2Cl)c1cc(c23)cc(Cl)cc3Cl,2.861966075
CS(=O)(=O)\N=C\1/C(=N/S(=O)(=O)C)C=Cc(c12)cc3c(c2F)cccc3F,2.736641251
COc1cc(OC)c(OC)c(c12)C=C(OC)C(=N/S(=O)(=O)C)\C\2=N\S(=O)(=O)C,2.360666779
COc1c(OC)c(OC)c(OC)c2ccc(c3c12)/C(=N/S(=O)(=O)C)C=C(OC)C\3=N/S(=O)(=O)C,2.432842297
CS(=O)(=O)/N=C(\C=1C#N)C(=N/S(=O)(=O)C)\C(C#N)=c2ccc(c3c12)c(C#N)ccc3,3.715663885
CS(=O)(=O)\N=C\1C=C(N)C(=N/S(=O)(=O)C)\c(c1c23)ccc2c(N)cc(N)c3N,2.420227092
CS(=O)(=O)/N=C\1/C(=N/S(=O)(=O)C)C(N)=Cc(c12)cccc2,2.466758586
COc1cc(OC)c(OC)c2ccc(c3c12)/C(=N/S(=O)(=O)C)/C(=N/S(=O)(=O)C)C=C3OC,2.583811144
CS(=O)(=O)\N=C\1C=C(F)C(=N/S(=O)(=O)C)\c(c1c23)c(F)cc3ccc(F)c2F,2.830117852
CS(=O)(=O)/N=C(C1)/C(=N\S(=O)(=O)C)C=c(c(C#N)c2C#N)c=1c(c23)c(C#N)ccc3C#N,3.729726736
CS(=O)(=O)\N=C(C1)/C(=N/S(=O)(=O)C)C=c2c=1c(N)c(N)c(c23)cccc3,2.94592957
CS(=O)(=O)/N=C\1/C(=N/S(=O)(=O)C)C=Cc(c12)c(N)ccc2N,2.321787131
CS(=O)(=O)\N=C\1C=CC(=N/S(=O)(=O)C)\c(c12)c(N)cc3c2cccc3N,2.633858351
CS(=O)(=O)\N=C\1/C(=N/S(=O)(=O)C)C(N)=C(N)c(c12)c(N)cc3c2cc(N)c(N)c3N,2.232239856
COC(=C1)C(=N/S(=O)(=O)C)\C(=N/S(=O)(=O)C)\c(c2OC)c1cc(c23)c(OC)ccc3OC,2.450007248
COc1ccc(OC)c(c12)/C(=N\S(=O)(=O)C)c3c(C\2=N\S(=O)(=O)C)c(OC)ccc3,2.274635217
CS(=O)(=O)\N=C\1/C(=N/S(=O)(=O)C)C(N)=Cc2c1c(N)c(N)c(c23)ccc(N)c3N,2.497365968
CS(=O)(=O)\N=C(C=C1N)\C(=N/S(=O)(=O)C)\c(c2N)c1cc(c23)c(N)ccc3N,2.182399456
CS(=O)(=O)\N=C\1C(OC)=C(OC)C(=N/S(=O)(=O)C)\c(c12)cc(OC)cc2OC,2.459313547
COC1=CC(OC)=CC(=N/S(=O)(=O)C)/C1=N/S(=O)(=O)C,2.807162315
CS(=O)(=O)\N=C\1C=C(C)/C(=N\S(=O)(=O)C)c(c(C)c2C)c1c(c23)c(C)c(C)cc3C,2.301933694
CS(=O)(=O)\N=C\1/C(=N/S(=O)(=O)C)C(F)=Cc(c(F)c2F)c1c(c23)cccc3F,2.99763123
COC1/C(=N\S(=O)(=O)C)/C(=N\S(=O)(=O)C)C=c2cc(OC)c(c3c=12)cccc3,2.798890049
N#Cc(c1)ccc(c1c23)c(C#N)c(C#N)c2C=CC(=N/S(=O)(=O)C)\C\3=N/S(=O)(=O)C,3.337000927
Clc1ccc(Cl)c(C2=NS(=O)(=O)C)c1C(=NS(=O)(=O)C)c(c23)c(Cl)ccc3Cl,2.466758586
CS(=O)(=O)\N=C\1/C(=N/S(=O)(=O)C)C(N)=C(N)c2c1cc(N)c(c23)c(N)c(N)cc3N,2.225622043
Cc(c1)c(C)cc(c2C)c1cc(c23)/C(=N/S(=O)(=O)C)C(\C(C)=C3C)=N\S(=O)(=O)C,2.377624924
CS(=O)(=O)\N=C(C=C1N)\C(=N/S(=O)(=O)C)\c(c1c23)ccc2c(N)ccc3N,2.521769152
CS(=O)(=O)\N=C\1/C(=N/S(=O)(=O)C)C=C(N)c(c12)c(N)cc3c2cc(N)cc3,2.327577717
CS(=O)(=O)\N=C\1C(N)=CC(=N/S(=O)(=O)C)\c(c1c23)c(N)cc3ccc(N)c2N,2.351153674
CS(=O)(=O)\N=C(C=C1)\C(=N/S(=O)(=O)C)\c(c2C)c1c(C)c(c23)cccc3C,2.558580734
CS(=O)(=O)/N=C1\C(C)=CC(=N/S(=O)(=O)C)\c(c2C)c1cc(c23)cccc3C,2.464276906
c1cc(N)c(N)c(c1c23)/C(=N\S(=O)(=O)C)C(=N/S(=O)(=O)C)\c2cccc3N,2.299245207
CS(=O)(=O)/N=C1\C(C#N)=CC(=N/S(=O)(=O)C)\c(c(C#N)c2C#N)c1c(c23)c(C#N)c(C#N)cc3C#N,3.712148172
CS(=O)(=O)\N=C\1C=C(N)C(=N/S(=O)(=O)C)\c2c1c(N)c(N)c(c23)c(N)c(N)c(N)c3N,2.148069553
CS(=O)(=O)\N=C\1/C(=N/S(=O)(=O)C)C(N)=Cc(c12)c3c(c(N)c2N)cc(N)cc3,2.451248088
COc1c(OC)c(OC)cc2c(OC)cc(c=3c12)=C(OC)C(=N/S(=O)(=O)C)/C(C3OC)=N/S(=O)(=O)C,2.7163742
CS(=O)(=O)\N=C\1/C(=N/S(=O)(=O)C)C(N)=Cc2c1ccc(c23)c(N)c(N)c(c3)N,2.58836089
CS(=O)(=O)\N=C(\C1N)/C(=N/S(=O)(=O)C)C=c2c=1c(N)c(N)c(c23)cc(N)cc3N,2.622690792
CS(=O)(=O)/N=C(C1)/C(=N\S(=O)(=O)C)C=c(c2OC)c=1cc(c23)cccc3OC,3.274338515
Cc1c(C)c(C)c(C)c(c12)c(C)c3c(c2C)C(=N\S(=O)(=O)C)\C(C)=CC\3=N/S(=O)(=O)C,2.366457365
Cc1c(C)ccc(c12)c(C)c3c(c2C)/C(=N/S(=O)(=O)C)/C(C=C3C)=N/S(=O)(=O)C,2.443389435
N#Cc1c(C#N)c(C#N)c(C#N)c(c12)cc(C#N)c3c2=CC(=N/S(=O)(=O)C)\C(\C=3C#N)=N/S(=O)(=O)C,3.992784782
CS(=O)(=O)\N=C\1/C(=N/S(=O)(=O)C)C(N)=C(N)c(c12)cc3c(c2N)cc(N)cc3N,2.078996136
COc1c(OC)c(OC)c(OC)c(c12)cc3c(c2)/C(=N/S(=O)(=O)C)C(OC)=C(OC)C\3=N/S(=O)(=O)C,2.418779445
CS(=O)(=O)\N=C\1C=C(OC)C(=N/S(=O)(=O)C)\c(c2OC)c1cc(c23)c(OC)ccc3OC,2.369559465
Cc1c(C)c(C)c(C)c(c12)/C(=N/S(=O)(=O)C)C(=N\S(=O)(=O)C)\c3c2cc(C)cc3,2.307724279
COc(c1)ccc2ccc(c=3c12)=CC(=N/S(=O)(=O)C)/C(C3)=N/S(=O)(=O)C,3.163283349
Cc1c(C)c(C)cc(c12)C(=N/S(=O)(=O)C)\c3c(C\2=N\S(=O)(=O)C)c(C)ccc3C,2.167509378
COc1cccc2/C(=N/S(=O)(=O)C)C(=N\S(=O)(=O)C)\c(c3c12)cccc3,2.533143517
N#CC1=C(C#N)/C(=N\S(=O)(=O)C)C(=N/S(=O)(=O)C)\c(c2)c1cc(c23)cccc3C#N,3.381464354
N#Cc1c(C#N)cc(C#N)c(c12)cc=3c(c2)=CC(=N\S(=O)(=O)C)\C(C3)=N\S(=O)(=O)C,3.74792572
COC1/C(=N/S(=O)(=O)C)/C(=N/S(=O)(=O)C)C=c2c=1c(OC)c(OC)c(c23)ccc(OC)c3OC,2.932280332
COc1cccc(c12)c3c(c(OC)ccc3)/C(=N/S(=O)(=O)C)C\2=N\S(=O)(=O)C,2.360873586
Cc1c(C)cc(C)c(c12)c3c(cc2C)C(=N\S(=O)(=O)C)\C(C)=C(C)/C3=N\S(=O)(=O)C,2.440494142
CS(=O)(=O)/N=C(C1)\C(=N\S(=O)(=O)C)\C(N)=c2c=1cc(N)c(c23)c(N)c(N)cc3N,2.344535861
CS(=O)(=O)/N=C\1c(c(N)cc(c2)N)c2/C(=N/S(=O)(=O)C)c(c13)ccc(N)c3N,2.003511712
CS(=O)(=O)\N=C\1C(F)=CC(=N/S(=O)(=O)C)\c(c12)c(F)c3c(c2F)cc(F)cc3,2.695486729
Cc1cc(C)c(C)c2ccc(c3c12)C(=N\S(=O)(=O)C)\C(C)=C(C)/C3=N\S(=O)(=O)C,2.465104132
CS(=O)(=O)\N=C\1/C(=N/S(=O)(=O)C)C=Cc2c1c(F)c(F)c(c23)c(F)ccc3F,2.9717804
Cc1c(C)c(C)cc(c12)cc3c(c2C)=C(C)/C(=N/S(=O)(=O)C)C(\C=3C)=N\S(=O)(=O)C,2.953167803
CS(=O)(=O)\N=C\1C=C(Cl)C(=N/S(=O)(=O)C)\c2ccc(c3c12)cccc3,2.786481651
CS(=O)(=O)\N=C\1/C(=N/S(=O)(=O)C)C(N)=Cc(c2N)c1cc(c23)cc(N)cc3,2.469653879
Cc(c1)ccc(c1c23)c(C)c(C)c2C=CC(=N/S(=O)(=O)C)\C\3=N/S(=O)(=O)C,2.726300919
CS(=O)(=O)\N=C\1C(N)=C(N)C(=N/S(=O)(=O)C)\c(cc2N)c1c(c23)cccc3N,2.242373381
N#Cc1c(C#N)c(C#N)cc(c12)C(C#N)=C(C#N)/C(=N\S(=O)(=O)C)C\2=N\S(=O)(=O)C,3.857326433
COc1c(OC)c(OC)c(OC)c2ccc(c3c12)/C(=N/S(=O)(=O)C)/C(=N/S(=O)(=O)C)C=C3OC,2.556926281
Cc(c1)c(C)cc2/C(=N/S(=O)(=O)C)C(=N\S(=O)(=O)C)\c(c3c12)ccc(C)c3,2.480821437
CS(=O)(=O)\N=C(C1)/C(=N/S(=O)(=O)C)C=c2c=1c(F)cc(c23)c(F)c(F)cc3F,3.286540107
CS(=O)(=O)\N=C(C(F)=C1F)\C(=N/S(=O)(=O)C)\c(c2)c1cc(c23)c(F)c(F)c(F)c3F,2.905395469
CS(=O)(=O)\N=C(\C1F)/C(=N/S(=O)(=O)C)C=c2c=1c(F)cc(c23)c(F)ccc3F,3.244144745
Cc1c(C)ccc2cc(C)c(c3c12)/C(=N/S(=O)(=O)C)C(\C(C)=C3C)=N\S(=O)(=O)C,2.494470675
COc1c(OC)c(OC)c(OC)c2/C(=N/S(=O)(=O)C)C(=N\S(=O)(=O)C)\c(c3c12)ccc(OC)c3OC,2.232446662
CS(=O)(=O)/N=C(\C1N)/C(=N\S(=O)(=O)C)C=c(c2N)c=1cc(c23)c(N)cc(N)c3N,2.756287882
Clc1cc(Cl)c(Cl)c(C\2=N\S(=O)(=O)C)c1C(=N\S(=O)(=O)C)\c(c23)c(Cl)c(Cl)c(Cl)c3Cl,2.568714259
CS(=O)(=O)\N=C\1/C(=N/S(=O)(=O)C)C(N)=Cc(c12)c(N)c3c(c2N)cc(N)c(c3)N,2.163786858
CS(=O)(=O)\N=C(\C1N)/C(=N/S(=O)(=O)C)C=c2c=1c(N)c(N)c(c23)c(N)c(N)c(N)c3N,2.526939318
CS(=O)(=O)\N=C\1C(F)=C(F)C(=N/S(=O)(=O)C)\c(c12)c(F)c3c(c2F)cccc3,2.701897735
CS(=O)(=O)\N=C\1/C(=N/S(=O)(=O)C)C(N)=Cc2c1ccc(c23)c(N)cc(c3)N,2.674185646
Cc1cc(C)c(C)c(c12)cc=3c(c2C)=C(C)/C(=N\S(=O)(=O)C)/C(C3)=N\S(=O)(=O)C,3.060914062
COc(c1)ccc(c2OC)c1cc(c23)/C(=N/S(=O)(=O)C)C(OC)=C(OC)C\3=N/S(=O)(=O)C,2.441114562
Cc1cc(C)cc2c(C)c(C)c(c3c12)/C(=N/S(=O)(=O)C)C=CC\3=N/S(=O)(=O)C,2.530661837
CS(=O)(=O)\N=C\1/C(=N/S(=O)(=O)C)C=C(OC)c(c(OC)c2OC)c1c(c23)cc(OC)c(OC)c3OC,2.50646546
Cc1c(C)ccc2cc(C)c(c3c12)C(=N\S(=O)(=O)C)\C(C)=CC\3=N/S(=O)(=O)C,2.365009719
N#Cc(c1)ccc(c(C#N)c2C#N)c1c(c23)C(C#N)=C(C#N)/C(=N\S(=O)(=O)C)C\3=N/S(=O)(=O)C,3.821548884
N#Cc1c(C#N)c(C#N)cc(c12)c3c(cc2)/C(=N/S(=O)(=O)C)/C(C=C3)=N/S(=O)(=O)C,3.261516503
CS(=O)(=O)\N=C\1/C(=N/S(=O)(=O)C)C=Cc(c12)cc3c(c2)cc(Cl)c(Cl)c3,2.782759132
Nc1cc(N)c(N)c(c1c23)/C(=N\S(=O)(=O)C)C(=N/S(=O)(=O)C)\c2cc(N)c(N)c3N,2.061210765
CS(=O)(=O)/N=C\1/C(=N/S(=O)(=O)C)C=Cc(c12)ccc(N)c2N,2.325716457
CS(=O)(=O)\N=C\1C=C(N)C(=N/S(=O)(=O)C)\c2ccc(c3c12)c(N)c(N)cc3,2.379899797
COC(=C1)C(=N/S(=O)(=O)C)\C(=N/S(=O)(=O)C)\c(c2OC)c1c(OC)c(c23)c(OC)cc(OC)c3OC,2.448766408
CS(=O)(=O)/N=C(\C1N)/C(=N\S(=O)(=O)C)C=c2c(N)cc(c3c=12)ccc(c3)N,2.802198956
COc1c(OC)c(OC)cc(c12)cc3c(c2)/C(=N/S(=O)(=O)C)C(OC)=CC\3=N/S(=O)(=O)C,2.45600464
CS(=O)(=O)\N=C\1/C(=N/S(=O)(=O)C)C(F)=Cc(c2F)c1cc(c23)cc(F)c(F)c3F,2.904775049
CS(=O)(=O)\N=C\1/C(=N/S(=O)(=O)C)C=Cc(c1c23)cc(F)c2cc(F)c(F)c3F,2.856175489
CS(=O)(=O)\N=C\1C(OC)=CC(=N/S(=O)(=O)C)\c(c2OC)c1c(OC)c(c23)ccc(OC)c3OC,2.347844768
COc1c(OC)ccc2c(OC)cc(c3c12)/C(=N/S(=O)(=O)C)C(OC)=CC\3=N/S(=O)(=O)C,2.497365968
COc1c(OC)ccc(c12)C(=N/S(=O)(=O)C)\c3c(C\2=N\S(=O)(=O)C)cccc3OC,2.187362815
CS(=O)(=O)\N=C\1/C(=N/S(=O)(=O)C)C(Cl)=Cc(c12)cc3c(c2Cl)ccc(Cl)c3Cl,2.819570713
CS(=O)(=O)\N=C\1/C(=N/S(=O)(=O)C)C=Cc(c2Cl)c1cc(c23)cc(Cl)c(Cl)c3,2.849764483
COc1c(OC)ccc(c12)C(=N/S(=O)(=O)C)\c3c(C\2=N\S(=O)(=O)C)cc(OC)cc3OC,2.146621907
CS(=O)(=O)\N=C\1/C(=N/S(=O)(=O)C)C(Cl)=Cc(c12)cc3c(c2)cccc3,2.76745544
COc1c(OC)c(OC)cc(c12)C(OC)=CC(=N/S(=O)(=O)C)\C\2=N\S(=O)(=O)C,2.289111682
COc1c(OC)c(OC)cc(c12)cc3c(c2)/C(=N/S(=O)(=O)C)C(OC)=C(OC)C\3=N/S(=O)(=O)C,2.417124992
COc1c(OC)ccc(c12)c3c(/C(=N/S(=O)(=O)C)C\2=N\S(=O)(=O)C)c(OC)cc(c3)OC,2.345156281
Cc1c(C)cc(C)c(c12)cc3c(c2C)C(C)=C(C)/C(=N\S(=O)(=O)C)C\3=N/S(=O)(=O)C,2.393342228
CS(=O)(=O)\N=C\1/C(=N/S(=O)(=O)C)C(OC)=C(OC)c(c12)c(OC)cc3c2cc(cc3)OC,2.622483986
CS(=O)(=O)\N=C\1C(F)=C(F)C(=N/S(=O)(=O)C)\c(c12)c(F)c(F)c(F)c2F,2.887610098
CS(=O)(=O)\N=C(C=C1N)\C(=N/S(=O)(=O)C)\c(c12)cc3c(c2N)cc(N)c(c3)N,2.22582885
CS(=O)(=O)\N=C(C=C1N)\C(=N/S(=O)(=O)C)\c2ccc(c3c12)c(N)ccc3,2.50956756
N#Cc1cccc(c2C#N)c1cc(c23)C(=N\S(=O)(=O)C)\C(C#N)=C(C#N)/C3=N\S(=O)(=O)C,3.536155721
COc(cc1)cc(c1c23)c(OC)cc2/C(=N/S(=O)(=O)C)C=C(OC)C\3=N/S(=O)(=O)C,2.465104132
CS(=O)(=O)/N=C(\C1F)/C(=N\S(=O)(=O)C)C=c2c(F)cc(c3c=12)cc(F)c(F)c3,3.269168349
c1cc(C)cc(c12)c=3c(c(C)c2C)=CC(=N\S(=O)(=O)C)\C(C3)=N\S(=O)(=O)C,3.035683652
COc1c(OC)c(OC)cc(c12)c(OC)c(OC)c3c2C=C(OC)C(=N/S(=O)(=O)C)\C\3=N/S(=O)(=O)C,2.53852049
Cc1c(C)c(C)cc(c12)C(=NS(=O)(=O)C)c3c(c(C)c(C)c(C)c3)C2=NS(=O)(=O)C,2.102158479
COc1c(OC)c(OC)cc(c12)c3c(cc2OC)/C(=N/S(=O)(=O)C)C(OC)=CC\3=N/S(=O)(=O)C,2.542243009
Cc(c1)c(C)cc(c1c23)cc(C)c2C=C(C)/C(=N\S(=O)(=O)C)C\3=N/S(=O)(=O)C,2.622897599
CC1=C(C)/C(=N\S(=O)(=O)C)C(=N/S(=O)(=O)C)\c(c12)c3c(cc2C)ccc(C)c3,2.45848632
COC1=CC(=N/S(=O)(=O)C)\C(=N/S(=O)(=O)C)\c(c2OC)c1cc(c23)c(OC)ccc3OC,2.391480969
CS(=O)(=O)\N=C(\C1Cl)/C(=N/S(=O)(=O)C)C=c(c=12)c3c(cc2Cl)cc(Cl)c(Cl)c3,3.305979931
CS(=O)(=O)\N=C(C(=C1)N)\C(=N/S(=O)(=O)C)\c(cc2N)c1c(c23)cc(N)cc3N,2.605732648
Cc1cc(C)c(C)c(c12)/C(=N/S(=O)(=O)C)C(=N\S(=O)(=O)C)\c3c2ccc(C)c3C,2.218383811
CS(=O)(=O)\N=C(C(=C1)N)\C(=N/S(=O)(=O)C)\c2c1cc(N)c(c23)c(N)cc(N)c3N,2.270085471
COc1c(OC)cc(OC)c(c12)c(OC)cc3c2/C(=N/S(=O)(=O)C)C(OC)=C(OC)C\3=N/S(=O)(=O)C,2.504190587
COc1cccc2cc(OC)c(c3c12)/C(=N/S(=O)(=O)C)C=C(OC)C\3=N/S(=O)(=O)C,2.410920793
COc1c(OC)cc(OC)c(c12)c(OC)c(OC)c3c2C(OC)=C(OC)C(=N/S(=O)(=O)C)\C\3=N/S(=O)(=O)C,2.417538605
CS(=O)(=O)\N=C(C=C1N)\C(=N/S(=O)(=O)C)\c2cc(N)c(c3c12)cccc3,2.433049103
CS(=O)(=O)\N=C\1/C(=N/S(=O)(=O)C)C=C(N)c2ccc(c3c12)c(N)cc(c3)N,2.349912834
CS(=O)(=O)/N=C\1c(cc(Cl)c(Cl)c2)c2C(=N\S(=O)(=O)C)\c(c13)c(Cl)cc(Cl)c3Cl,2.622070372
COc1cccc(c12)/C(=N\S(=O)(=O)C)/C(C=C2)=N/S(=O)(=O)C,2.603250968
COc1ccc(OC)c(c12)/C(=N/S(=O)(=O)C)C(=N\S(=O)(=O)C)\c3c2cc(OC)cc3OC,2.270499084
CS(=O)(=O)\N=C\1C(N)=CC(=N/S(=O)(=O)C)\c(c12)cc3c(c2)cc(N)c(c3)N,2.289938908
Cc1c(C)c(C)cc(c2C)c1cc(c23)C(C)=C(C)/C(=N\S(=O)(=O)C)C\3=N/S(=O)(=O)C,2.305449406
Cc(c1)ccc2cc(C)c(c=3c12)=CC(=N\S(=O)(=O)C)\C(C3)=N\S(=O)(=O)C,3.146738818
CS(=O)(=O)\N=C\1C=C(C#N)/C(=N\S(=O)(=O)C)c(c2C#N)c1c(C#N)c(c23)cccc3C#N,3.293778339
CS(=O)(=O)/N=C(\C1N)/C(=N\S(=O)(=O)C)C=c(c=1c23)c(N)c(N)c2ccc(N)c3N,2.4049234
COc1ccc(OC)c2ccc(c3c12)/C(=N/S(=O)(=O)C)C=C(OC)C\3=N/S(=O)(=O)C,2.4578659
CS(=O)(=O)/N=C(\C1F)/C(=N\S(=O)(=O)C)C=c(c2F)c=1cc(c23)cccc3F,3.454467098
CS(=O)(=O)\N=C(C(N)=C1N)\C(=N/S(=O)(=O)C)\c(c1c23)c(N)c(N)c2ccc(N)c3N,2.2523001
CS(=O)(=O)\N=C\1C(=N\S(=O)(=O)C)\c(c(Cl)ccc2)c2c(c13)cc(Cl)cc3Cl,2.545965529
CS(=O)(=O)/N=C\1c(cccc2)c2C(=N\S(=O)(=O)C)\c(c13)cc(N)cc3N,2.166682151
COc1ccc(OC)c(c12)c(OC)c(OC)c3c2/C(=N/S(=O)(=O)C)/C(=N/S(=O)(=O)C)C=C3OC,2.43387633
CS(=O)(=O)/N=C(C1)\C(=N\S(=O)(=O)C)\C(N)=c2c=1cc(N)c(c23)c(N)c(N)c(N)c3N,2.355289807
COc1cccc(c12)c(OC)cc3c2C=CC(=N/S(=O)(=O)C)\C\3=N/S(=O)(=O)C,2.773452833
CS(=O)(=O)\N=C\1/C(=N/S(=O)(=O)C)C=Cc(c12)c3c(c(F)c2F)ccc(F)c3,2.956476709
CC1=C(C)/C(=N\S(=O)(=O)C)C(=N/S(=O)(=O)C)\c(c12)c3c(cc2C)cc(C)c(C)c3,2.438012463
Cc1c(C)ccc(c12)/C(=N\S(=O)(=O)C)/C(C=C2)=N/S(=O)(=O)C,2.56561216
N#Cc1c(C#N)c(C#N)c(C#N)c(c12)cc3c(c2)C(C#N)=C(C#N)/C(=N\S(=O)(=O)C)C\3=N/S(=O)(=O)C,3.69560364
CS(=O)(=O)\N=C\1C(F)=C(F)C(=N/S(=O)(=O)C)\c2ccc(c3c12)cc(F)c(F)c3,2.8689975
CS(=O)(=O)\N=C(\C1Cl)/C(=N/S(=O)(=O)C)C=c2c=1c(Cl)cc(c23)c(Cl)ccc3Cl,3.280129101
CS(=O)(=O)/N=C(C1)/C(=N\S(=O)(=O)C)C=c(c2OC)c=1cc(c23)c(OC)c(OC)c(OC)c3OC,3.254071464
CS(=O)(=O)\N=C\1C(Cl)=C(Cl)C(=N/S(=O)(=O)C)\c(c12)c(Cl)c3c(c2Cl)cc(Cl)c(Cl)c3,2.772832413
CS(=O)(=O)/N=C(\C1N)/C(=N\S(=O)(=O)C)C=c(c2N)c=1c(N)c(c23)cccc3N,2.734573184
CS(=O)(=O)\N=C(C1)\C(=N\S(=O)(=O)C)\C(C#N)=c(c=12)cccc2C#N,3.626943836
CS(=O)(=O)/N=C\1/C(=N/S(=O)(=O)C)C(N)=Cc(c12)cc(N)c(c2)N,2.266156145
CS(=O)(=O)\N=C(C=C1)\C(=N/S(=O)(=O)C)\c(c(F)c2F)c1c(c23)cc(F)c(F)c3F,2.99887207
N#Cc(c1)c(C#N)cc(c2C#N)c1c(C#N)c(c23)=CC(=N\S(=O)(=O)C)\C(\C=3C#N)=N\S(=O)(=O)C,4.160711774
Nc1c(N)cc(N)c2/C(=N/S(=O)(=O)C)C(=N\S(=O)(=O)C)\c(c3c12)cc(N)cc3N,2.043839007
N#Cc1c(C#N)c(C#N)cc(c12)c(C#N)c3c(c2C#N)C=C(C#N)/C(=N\S(=O)(=O)C)C\3=N/S(=O)(=O)C,3.627977869
CS(=O)(=O)\N=C(C=C1N)\C(=N/S(=O)(=O)C)\c(c1c23)c(N)cc3ccc(N)c2N,2.393962648
CS(=O)(=O)\N=C(C(=C1)N)\C(=N/S(=O)(=O)C)\c(c1c23)c(N)cc2cc(N)cc3N,2.395203488
CS(=O)(=O)/N=C(\C=1C)/C(=N\S(=O)(=O)C)C=c2c(C)cc(c3c12)cccc3,2.971573594
CS(=O)(=O)/N=C(\C1F)/C(=N/S(=O)(=O)C)C=c(c=12)cccc2,3.345273192
CS(=O)(=O)\N=C\1C(F)=CC(=N/S(=O)(=O)C)\c2cc(F)c(c3c12)cc(F)c(F)c3,2.841492217
Cc1cc(C)cc2c(C)c(C)c(c3c12)C(C)=C(C)/C(=N\S(=O)(=O)C)C\3=N/S(=O)(=O)C,2.392308195
COc1c(OC)c(OC)cc2c1cc(OC)c(c23)/C(=N/S(=O)(=O)C)C=CC\3=N/S(=O)(=O)C,2.5637509
CS(=O)(=O)\N=C\1C=CC(=N/S(=O)(=O)C)\c(cc2C)c1c(c23)c(C)ccc3C,2.691557403
CS(=O)(=O)/N=C(\C=1C)/C(=N\S(=O)(=O)C)C=c(c12)cc3c(c2)ccc(C)c3,3.155424697
N#Cc1c(C#N)cc(C#N)c(c12)c(C#N)c3c(c2C#N)C(C#N)=CC(=N/S(=O)(=O)C)\C\3=N/S(=O)(=O)C,3.629632322
CS(=O)(=O)/N=C(\C1N)/C(=N\S(=O)(=O)C)C=c2ccc(c3c=12)c(N)c(N)cc3,2.773246026
CS(=O)(=O)\N=C\1C=C(N)C(=N/S(=O)(=O)C)\c(c12)c(N)cc3c2cccc3,2.460968
CS(=O)(=O)\N=C(C1N)\C(=N\S(=O)(=O)C)C(N)=c(c=12)c(N)c(N)c(N)c2N,2.405957433
CS(=O)(=O)\N=C\1C(N)=C(N)C(=N/S(=O)(=O)C)\c(c2)c1cc(c23)c(N)cc(N)c3N,2.249611614
N#Cc1c(C#N)ccc2/C(=N/S(=O)(=O)C)C(=N\S(=O)(=O)C)\c(c3c12)c(C#N)ccc3,3.040440205
Cc(c1)c(C)cc(c2C)c1c(C)c(c23)/C(=N/S(=O)(=O)C)C=CC\3=N/S(=O)(=O)C,2.411541213
CS(=O)(=O)\N=C\1/C(=N/S(=O)(=O)C)C=Cc(c2)c1cc(c23)ccc(N)c3N,2.542656622
CS(=O)(=O)/N=C(\C1Cl)/C(=N\S(=O)(=O)C)C=c2cc(Cl)c(c3c=12)ccc(Cl)c3,3.226566181
CS(=O)(=O)\N=C(C=C1N)\C(=N/S(=O)(=O)C)\c(c1c23)c(N)c(N)c2ccc(N)c3N,2.326336877
CS(=O)(=O)\N=C(C(=C1)N)\C(=N/S(=O)(=O)C)\c(c2)c1c(N)c(c23)ccc(N)c3N,2.476685304
Cc1c(C)c(C)cc(c12)c3c(c(C)c2C)=C(C)/C(=N/S(=O)(=O)C)C(\C=3C)=N\S(=O)(=O)C,2.673565226
CS(=O)(=O)\N=C\1C=C(N)C(=N/S(=O)(=O)C)\c(c2N)c1cc(c23)cccc3N,2.217556584
c1ccc(C#N)c(c1c23)ccc3C=C(C#N)/C(=N\S(=O)(=O)C)C\2=N/S(=O)(=O)C,3.155424697
CS(=O)(=O)\N=C(C1)\C(=N/S(=O)(=O)C)C=c(cc2C)c=1c(c23)cccc3C,3.096277998
CC1=C(C)/C(=N\S(=O)(=O)C)C(=N\S(=O)(=O)C)\c(c12)cc(C)cc2C,2.289111682
COc(cc1)cc2c1c(OC)c(OC)c(c23)/C(=N/S(=O)(=O)C)/C(=N/S(=O)(=O)C)C(OC)=C3OC,2.761044434
N#CC1=C(C#N)/C(=N\S(=O)(=O)C)C(=N\S(=O)(=O)C)\c(c12)cccc2,3.335346474
CS(=O)(=O)\N=C\1/C(=N/S(=O)(=O)C)C(N)=Cc(c2N)c1cc(c23)cc(N)c(c3)N,2.404096174
CS(=O)(=O)\N=C(C=C1Cl)\C(=N/S(=O)(=O)C)\c(cc2Cl)c1c(c23)cccc3Cl,2.997010811
CS(=O)(=O)\N=C\1/C(=N/S(=O)(=O)C)C(N)=C(N)c(c12)c(N)cc3c2cccc3N,2.350533254
COc1c(OC)c(OC)cc(c12)cc3c(c2)C(OC)=C(OC)C(=N/S(=O)(=O)C)\C\3=N/S(=O)(=O)C,2.5606488
CS(=O)(=O)\N=C\1/C(=N/S(=O)(=O)C)C(Cl)=C(Cl)c(c12)c(Cl)c3c(c2Cl)cc(Cl)cc3,2.812952901
CS(=O)(=O)\N=C\1/C(=N/S(=O)(=O)C)C=Cc(c2C#N)c1c(C#N)c(c23)cc(C#N)cc3C#N,3.268961542
CS(=O)(=O)\N=C(\C1Cl)/C(=N/S(=O)(=O)C)C=c2c=1c(Cl)c(Cl)c(c23)c(Cl)cc(Cl)c3Cl,3.327487821
CS(=O)(=O)/N=C(\C1Cl)/C(=N/S(=O)(=O)C)C=c(c=12)c(Cl)ccc2Cl,3.308668417
Cc1c(C)c(C)c(C)c(c12)c3c(cc2C)/C(=N/S(=O)(=O)C)/C(C=C3)=N/S(=O)(=O)C,2.76807586
CS(=O)(=O)\N=C(C1N)\C(=N/S(=O)(=O)C)C(N)=c(c=1c23)cc(N)c2cc(N)c(N)c3N,2.411334406
CS(=O)(=O)\N=C\1C(=N\S(=O)(=O)C)\C(C)=C(C)c(c(C)c2C)c1c(c23)cccc3C,2.387551642
Cc1c(C)c(C)c(C)c(c12)cc3c(c2C)C(C)=C(C)/C(=N\S(=O)(=O)C)C\3=N/S(=O)(=O)C,2.377624924
Cc(c1)c(C)cc(c12)/C(=N\S(=O)(=O)C)c3c(C\2=N\S(=O)(=O)C)cccc3,2.335849982
Cc1c(C)cc(C)c(c12)c(C)c3c(c2C)C(C)=CC(=N/S(=O)(=O)C)\C\3=N/S(=O)(=O)C,2.451041281
N#Cc(c1)c(C#N)cc(c1c23)cc(C#N)c2C=CC(=N/S(=O)(=O)C)\C\3=N/S(=O)(=O)C,3.258414404
CS(=O)(=O)/N=C(\C=1C#N)/C(=N\S(=O)(=O)C)C=c(c2C#N)c1c(C#N)c(c23)cc(C#N)cc3C#N,4.151612282
CS(=O)(=O)\N=C(C=C1N)\C(=N/S(=O)(=O)C)\c(c2N)c1cc(c23)cc(N)c(N)c3N,2.070310257
CS(=O)(=O)\N=C(C=C1N)\C(=N/S(=O)(=O)C)\c2c1c(N)c(N)c(c23)c(N)cc(N)c3N,2.12118469
COc1c(OC)c(OC)cc2c1cc(OC)c(c23)/C(=N/S(=O)(=O)C)C=C(OC)C\3=N/S(=O)(=O)C,2.431187844
CS(=O)(=O)\N=C\1C(Cl)=CC(=N/S(=O)(=O)C)\c(c12)cc3c(c2)cc(Cl)cc3,2.773039219
CS(=O)(=O)/N=C(\C1Cl)/C(=N\S(=O)(=O)C)C=c(c2Cl)c=1cc(c23)c(Cl)c(Cl)c(Cl)c3Cl,3.511752538
CS(=O)(=O)/N=C(C1)\C(=N\S(=O)(=O)C)\C(F)=c2c=1cc(F)c(c23)c(F)cc(F)c3F,3.215605429
CS(=O)(=O)\N=C(C=C1N)\C(=N/S(=O)(=O)C)\c(c1c23)ccc2c(N)c(N)c(N)c3N,2.416504572
CS(=O)(=O)\N=C(C(=C1)N)\C(=N\S(=O)(=O)C)\c(c12)ccc(N)c2N,2.249611614
CS(=O)(=O)\N=C\1C=C(N)C(=N/S(=O)(=O)C)\c(c2)c1cc(c23)c(N)ccc3N,2.405957433
CS(=O)(=O)\N=C\1/C(=N/S(=O)(=O)C)C=C(N)c(c12)cc3c(c2)cccc3,2.436564816
c1cc(C)cc(c2C)c1cc(c23)/C(=N/S(=O)(=O)C)C(\C(C)=C3C)=N\S(=O)(=O)C,2.410713986
COC1=C(OC)C(=N/S(=O)(=O)C)\C(=N/S(=O)(=O)C)\c(c2OC)c1cc(c23)cccc3OC,2.339365695
CS(=O)(=O)\N=C\1C(OC)=C(OC)C(=N/S(=O)(=O)C)\c(c12)cccc2OC,2.476271691
COc1c(OC)c(OC)cc(c12)cc=3c(c2)=CC(=N\S(=O)(=O)C)\C(C3)=N\S(=O)(=O)C,3.172796455
COc1c(OC)c(OC)c(OC)c2/C(=N/S(=O)(=O)C)C(=N\S(=O)(=O)C)\c(c3c12)cc(OC)c(OC)c3OC,2.222313137
CS(=O)(=O)/N=C(C1)\C(=N\S(=O)(=O)C)\C(F)=c(c2F)c=1c(F)c(c23)c(F)c(F)c(F)c3F,3.5448416
COc1cccc(c12)C(=N/S(=O)(=O)C)\c3c(C\2=N\S(=O)(=O)C)cccc3OC,2.305035793
COC1C(=N/S(=O)(=O)C)\C(=N/S(=O)(=O)C)C(OC)=c2ccc(c3c=12)cccc3,2.935589238
CS(=O)(=O)\N=C\1/C(=N/S(=O)(=O)C)C(N)=Cc2c(N)c(N)c(c3c12)ccc(c3)N,2.352394514
CS(=O)(=O)\N=C(C1)\C(=N/S(=O)(=O)C)\C(N)=c(c=1c23)c(N)cc3cc(N)c(N)c2N,2.622277179
COc1c(OC)c(OC)cc(c12)/C(=N/S(=O)(=O)C)C=CC\2=N/S(=O)(=O)C,2.597873995
Cc1c(C)c(C)cc2ccc(c3c12)C(=N\S(=O)(=O)C)\C(C)=C(C)/C3=N\S(=O)(=O)C,2.456831867
N#CC1=C(C#N)/C(=N\S(=O)(=O)C)C(=N\S(=O)(=O)C)\c(c12)cccc2C#N,3.508443631
CS(=O)(=O)\N=C\1C(N)=C(N)C(=N/S(=O)(=O)C)\c(c1c23)ccc3ccc(N)c2N,2.466758586
Nc1cc(N)cc2/C(=N/S(=O)(=O)C)C(=N\S(=O)(=O)C)\c(c3c12)ccc(c3)N,2.206802639
COc(c1)ccc(c12)C(=N/S(=O)(=O)C)\c3c(C\2=N\S(=O)(=O)C)ccc(c3)OC,2.331507043
CS(=O)(=O)\N=C(\C1F)/C(=N/S(=O)(=O)C)C=c2c=1cc(F)c(c23)c(F)c(F)c(F)c3F,3.2302887
CS(=O)(=O)\N=C\1/C(=N/S(=O)(=O)C)C=C(N)c(c12)cc3c(c2N)cccc3N,2.219211038
Clc1c(Cl)c(Cl)c(Cl)c2/C(=N/S(=O)(=O)C)C(=N\S(=O)(=O)C)\c(c3c12)cc(Cl)c(Cl)c3Cl,2.801164922
CS(=O)(=O)\N=C\1/C(=N/S(=O)(=O)C)C(N)=Cc(c1c23)ccc3ccc(N)c2N,2.550308468
Nc1c(N)cc(N)c2/C(=N\S(=O)(=O)C)C(=N/S(=O)(=O)C)\c(c3c12)cc(N)c(N)c3N,1.946433079
Cc1c(C)cc(C)c(c12)/C(=N\S(=O)(=O)C)c3c(c(C)c(C)cc3)C\2=N\S(=O)(=O)C,2.125734436
CS(=O)(=O)/N=C\1/C(=N/S(=O)(=O)C)C=Cc(c12)ccc(Cl)c2Cl,2.700863702
CS(=O)(=O)\N=C\1/C(=N/S(=O)(=O)C)C=C(Cl)c(c1c23)ccc2c(Cl)cc(Cl)c3Cl,2.924835293
COC1/C(=N\S(=O)(=O)C)/C(=N/S(=O)(=O)C)C=c(c=12)cccc2OC,2.799303663
CS(=O)(=O)\N=C\1/C(=N/S(=O)(=O)C)C(N)=C(N)c(c(N)c2N)c1c(c23)cc(N)cc3N,2.072171516
CS(=O)(=O)/N=C(C1Cl)/C(=N\S(=O)(=O)C)C(Cl)=c(c2Cl)c=1c(Cl)c(c23)cccc3Cl,3.479697508
Nc1c(N)cc(N)c(c12)/C(=N/S(=O)(=O)C)C(=N\S(=O)(=O)C)\c3c2cc(N)cc3,2.031844222
CS(=O)(=O)\N=C\1/C(=N/S(=O)(=O)C)C(N)=C(N)c2ccc(c3c12)c(N)c(N)c(c3)N,2.290559328
COc1c(OC)c(OC)cc2c(OC)c(OC)c(c3c12)/C(=N/S(=O)(=O)C)C(OC)=CC\3=N/S(=O)(=O)C,2.345776701
CS(=O)(=O)\N=C\1/C(=N/S(=O)(=O)C)C(OC)=C(OC)c(c2OC)c1c(OC)c(c23)cc(OC)cc3OC,2.448352795
CS(=O)(=O)\N=C\1/C(=N/S(=O)(=O)C)C(F)=Cc(c2F)c1cc(c23)c(F)c(F)cc3F,2.938691338
COc1c(OC)c(OC)cc2c1cc(OC)c(c23)/C(=N/S(=O)(=O)C)C(OC)=CC\3=N/S(=O)(=O)C,2.406991467
COc1cc(OC)c(OC)c2ccc(c3c12)C(OC)=C(OC)C(=N/S(=O)(=O)C)\C\3=N/S(=O)(=O)C,2.383829123
CS(=O)(=O)\N=C(C1N)\C(=N/S(=O)(=O)C)C(N)=c(c=1c23)c(N)c(N)c2cc(N)c(N)c3N,2.479373791
CS(=O)(=O)\N=C\1C=CC(=N/S(=O)(=O)C)\c(c12)cc3c(c2N)cc(N)c(N)c3N,2.391067355
c1cc(N)cc(c1c23)/C(=N\S(=O)(=O)C)C(=N/S(=O)(=O)C)\c2ccc(c3)N,2.314755705
CS(=O)(=O)\N=C\1/C(=N/S(=O)(=O)C)C=Cc(c2N)c1cc(c23)ccc(N)c3N,2.45910674
CS(=O)(=O)/N=C1\C(C)=CC(=N/S(=O)(=O)C)\c(c12)cc3c(c2)cccc3,2.597460382
CS(=O)(=O)/N=C\1c(c(F)cc(F)c2)c2C(=N\S(=O)(=O)C)\c(c13)c(F)cc(F)c3F,2.465931359
Cc1cccc(c12)cc3c(c2)/C(=N/S(=O)(=O)C)/C(C=C3C)=N/S(=O)(=O)C,2.655159435
Nc1c(N)ccc2/C(=N/S(=O)(=O)C)C(=N\S(=O)(=O)C)\c(c3c12)ccc(c3)N,2.156135012
Cc1c(C)c(C)c(C)c(c12)/C(=N/S(=O)(=O)C)C(=N\S(=O)(=O)C)\c3c2cc(C)cc3C,2.160064338
Nc1ccc(N)c2/C(=N\S(=O)(=O)C)C(=N/S(=O)(=O)C)\c(c3c12)c(N)ccc3N,2.089336468
CS(=O)(=O)\N=C(C=C1F)\C(=N/S(=O)(=O)C)\c(c1c23)cc(F)c2cc(F)cc3F,2.94779083
CS(=O)(=O)\N=C\1/C(=N/S(=O)(=O)C)C(F)=C(F)c(c1c23)ccc2c(F)c(F)cc3F,2.903534209
CS(=O)(=O)\N=C\1/C(=N/S(=O)(=O)C)C(N)=Cc(c2N)c1cc(c23)c(N)c(N)c(c3)N,2.37845215
CS(=O)(=O)/N=C(\C1Cl)/C(=N\S(=O)(=O)C)C=c(c=1c23)c(Cl)cc2cccc3Cl,3.207746777
CS(=O)(=O)\N=C\1C(N)=CC(=N/S(=O)(=O)C)\c(c12)c(N)c(N)c3c2ccc(c3)N,2.305656213
CS(=O)(=O)\N=C\1C(OC)=C(OC)C(=N/S(=O)(=O)C)\c(c12)cc3c(c2)cc(OC)c(c3)OC,2.412988859
CS(=O)(=O)\N=C\1/C(=N/S(=O)(=O)C)C=Cc2ccc(c3c12)cccc3,2.827429366
CS(=O)(=O)\N=C\1C(F)=CC(=N/S(=O)(=O)C)\c2c1cc(F)c(c23)c(F)cc(F)c3F,2.889471358
CS(=O)(=O)\N=C(C=C1)\C(=N/S(=O)(=O)C)\c2c1cc(Cl)c(c23)c(Cl)ccc3Cl,2.894021104
Cc1c(C)ccc(c12)c3c(cccc3)/C(=N\S(=O)(=O)C)C\2=N/S(=O)(=O)C,2.457452287
Nc1cc(N)c(N)c(C\2=N\S(=O)(=O)C)c1C(=N\S(=O)(=O)C)\c(c23)c(N)c(N)c(N)c3N,1.957393831
c1cc(C)cc(c2)c1cc(c23)/C(=N/S(=O)(=O)C)C=CC\3=N/S(=O)(=O)C,2.811505254
CS(=O)(=O)\N=C\1C(OC)=C(OC)C(=N/S(=O)(=O)C)\c(c2OC)c1cc(c23)c(OC)cc(OC)c3OC,2.364802912
CS(=O)(=O)\N=C\1C(N)=CC(=N/S(=O)(=O)C)\c2c1cc(N)c(c23)c(N)c(N)cc3N,2.276703283
COc1c(OC)cc(OC)c(c12)/C(=N/S(=O)(=O)C)C=CC\2=N/S(=O)(=O)C,2.552790148
Cc1c(C)c(C)cc(c12)/C(=N\S(=O)(=O)C)c3c(C\2=N\S(=O)(=O)C)cc(C)cc3,2.168957024
N#Cc1cc(C#N)cc(c12)cc3c(c2)/C(=N/S(=O)(=O)C)/C(C=C3)=N/S(=O)(=O)C,3.011073662
CS(=O)(=O)\N=C(C=C1N)\C(=N/S(=O)(=O)C)\c(c2N)c1cc(c23)c(N)c(N)cc3N,2.080030169
CS(=O)(=O)/N=C(\C1N)/C(=N\S(=O)(=O)C)C=c(c2N)c=1cc(c23)cc(N)cc3,2.941173018
CS(=O)(=O)\N=C\1/C(=N/S(=O)(=O)C)C(Cl)=Cc(c2Cl)c1cc(c23)cccc3,2.830945079
CS(=O)(=O)\N=C\1/C(=N/S(=O)(=O)C)C=C(N)c(c12)cc3c(c2N)ccc(c3)N,2.130490989
CS(=O)(=O)\N=C\1C(N)=CC(=N/S(=O)(=O)C)\c(c1c23)cc(N)c2cccc3N,2.284768742
CS(=O)(=O)\N=C\1C=C(N)C(=N/S(=O)(=O)C)\c(c2N)c1cc(c23)c(N)c(N)c(N)c3N,2.079616556
N#Cc1c(C#N)ccc(c12)cc3c(c2)/C(=N/S(=O)(=O)C)C(\C(C#N)=C3C#N)=N\S(=O)(=O)C,3.49251952
CS(=O)(=O)/N=C(C1F)\C(=N\S(=O)(=O)C)C(F)=c(c=12)cc3c(c2F)ccc(F)c3,3.44081786
Cc(c1)c(C)cc(c(C)c2C)c1c(c23)C(=N\S(=O)(=O)C)\C(C)=C(C)/C3=N\S(=O)(=O)C,2.258504299
CS(=O)(=O)\N=C\1/C(=N/S(=O)(=O)C)C(Cl)=Cc(c12)c3c(cc2Cl)c(Cl)cc(Cl)c3,3.031133906
CS(=O)(=O)\N=C\1C(N)=C(N)C(=N/S(=O)(=O)C)\c(c(N)c2N)c1c(c23)ccc(N)c3N,2.007441038
CS(=O)(=O)/N=C(\C1N)/C(=N/S(=O)(=O)C)C=c(c=12)c(N)c(N)cc2N,2.443803049
COc1c(OC)cc(OC)c2/C(=N/S(=O)(=O)C)C(=N\S(=O)(=O)C)\c(c3c12)cccc3OC,2.302554113
Cc1cc(C)c(C)c(c12)/C(=N/S(=O)(=O)C)C(=N\S(=O)(=O)C)\c3c2cc(C)cc3C,2.209904739
Cc1c(C)c(C)c(C)c(c12)cc3c(c2C)=C(C)/C(=N/S(=O)(=O)C)C(\C=3C)=N\S(=O)(=O)C,2.938898145
CS(=O)(=O)/N=C(\C=1C#N)C(=N/S(=O)(=O)C)\C(C#N)=c(c2)c1cc(c23)cccc3C#N,3.901996667
CS(=O)(=O)\N=C\1/C(=N/S(=O)(=O)C)C(N)=Cc(c12)c(N)c3c(c2N)cc(N)cc3,2.228103723
CS(=O)(=O)\N=C\1C=C(N)C(=N/S(=O)(=O)C)\c(c1c23)c(N)cc3cc(N)c(N)c2N,2.270705891
Cc1c(C)ccc(c12)cc3c(c2C)C(=N\S(=O)(=O)C)\C(C)=CC\3=N/S(=O)(=O)C,2.476271691
CS(=O)(=O)\N=C(C1)\C(=N/S(=O)(=O)C)C=c(c=1c23)c(F)cc2cccc3F,3.250348945
Cc1c(C)c(C)cc(c12)/C(=N\S(=O)(=O)C)c3c(c(C)ccc3)C\2=N\S(=O)(=O)C,2.187569622
c1cc(C)c(C)c(c1c23)ccc3C=C(C)/C(=N\S(=O)(=O)C)C\2=N/S(=O)(=O)C,2.655986661
CS(=O)(=O)/N=C(\C1F)/C(=N\S(=O)(=O)C)C=c(c(F)c2F)c=1c(c23)cc(F)cc3F,3.287367333
CS(=O)(=O)\N=C(C1)\C(=N/S(=O)(=O)C)\C(C#N)=c(c=1c23)ccc2cc(C#N)cc3,3.511752538
CS(=O)(=O)/N=C1\C(C)=C(C)/C(=N\S(=O)(=O)C)c(c(C)c2C)c1c(c23)cc(C)cc3C,2.230999016
N#Cc1c(C#N)c(C#N)c(C#N)c(c12)/C(=N/S(=O)(=O)C)C(=N\S(=O)(=O)C)\c3c2cccc3C#N,3.431925174
CS(=O)(=O)\N=C\1/C(=N/S(=O)(=O)C)C(N)=C(N)c(c2)c1cc(c23)ccc(N)c3N,2.245061868
CS(=O)(=O)\N=C(C1F)/C(=N/S(=O)(=O)C)C(F)=c2c=1cc(F)c(c23)c(F)ccc3F,3.229668281
N#Cc1c(C#N)c(C#N)c(C#N)c2ccc(c3c12)C=CC(=N/S(=O)(=O)C)\C\3=N/S(=O)(=O)C,3.4389566
CS(=O)(=O)\N=C\1C(Cl)=CC(=N/S(=O)(=O)C)\c(c12)c(Cl)c(Cl)c3c2cccc3,2.847696416
COC1=C(OC)C(=N/S(=O)(=O)C)\C(=N/S(=O)(=O)C)\c(c2)c1cc(c23)cc(OC)cc3OC,2.370800305
CS(=O)(=O)/N=C(\C=1C)C(=N/S(=O)(=O)C)\C(C)=c(c(C)c2C)c1c(c23)cccc3C,2.724853272
COc1c(OC)cc(OC)c(c12)c(OC)c(OC)c3c2/C(=N/S(=O)(=O)C)/C(C(=C3)OC)=N/S(=O)(=O)C,2.650816495
CS(=O)(=O)/N=C(C1)\C(=N\S(=O)(=O)C)\C(F)=c(c2F)c=1c(F)c(c23)cc(F)c(F)c3F,3.507202791
c1cc(C)c(C)c(c1c23)/C(=N\S(=O)(=O)C)C(=N/S(=O)(=O)C)\c3cccc2C,2.337090822
Cc1c(C)cc(C)c(c12)c3c(cc2C)=CC(=N\S(=O)(=O)C)\C(\C=3C)=N\S(=O)(=O)C,2.826395333
CS(=O)(=O)\N=C\1C(OC)=C(OC)C(=N/S(=O)(=O)C)\c(c1c23)c(OC)cc2cc(OC)cc3OC,2.325096037
CS(=O)(=O)\N=C(C1N)\C(=N\S(=O)(=O)C)C(N)=c(c=12)c(N)cc(N)c2N,2.351774094
COC1C(=N/S(=O)(=O)C)\C(=N/S(=O)(=O)C)C(OC)=c2ccc(c3c=12)ccc(c3)OC,2.94841125
CS(=O)(=O)\N=C(C(=C1)N)\C(=N/S(=O)(=O)C)\c(c2N)c1c(N)c(c23)c(N)c(N)c(N)c3N,2.159237112
COc1cccc2/C(=N\S(=O)(=O)C)C(=N/S(=O)(=O)C)\c(c3c12)cccc3OC,2.481648664
CS(=O)(=O)/N=C1\C(C)=C(C)/C(=N\S(=O)(=O)C)c(c1c23)c(C)cc3c(C)ccc2C,2.429326584
COc1ccc(OC)c(c12)c(OC)c(OC)c3c2/C(=N/S(=O)(=O)C)C(OC)=C(OC)C\3=N/S(=O)(=O)C,2.35880552
CS(=O)(=O)/N=C(\C(C)=C1)C(=N/S(=O)(=O)C)\c(cc2C)c1c(c23)c(C)ccc3C,2.707481515
Nc1cc(N)c(N)c(c12)/C(=N/S(=O)(=O)C)C(=N\S(=O)(=O)C)\c3c2cc(N)cc3N,1.992344153
COc1cccc(c12)C=C(OC)C(=N/S(=O)(=O)C)\C\2=N\S(=O)(=O)C,2.438219269
COc1cc(OC)cc(c12)C=C(OC)C(=N/S(=O)(=O)C)\C\2=N\S(=O)(=O)C,2.35756468
Cc1c(C)c(C)c(C)c(c12)/C(=N\S(=O)(=O)C)c3c(C\2=N\S(=O)(=O)C)c(C)c(C)cc3C,2.082511848
CS(=O)(=O)\N=C(C1Cl)\C(=N\S(=O)(=O)C)C(Cl)=c(c=12)ccc(Cl)c2Cl,3.271029609
CS(=O)(=O)\N=C\1/C(=N/S(=O)(=O)C)C=C(OC)c(c2OC)c1c(OC)c(c23)ccc(OC)c3OC,2.368939045
CS(=O)(=O)\N=C(C1N)\C(=N/S(=O)(=O)C)C(N)=c(cc2N)c=1c(c23)cc(N)c(N)c3N,2.464897326
CS(=O)(=O)\N=C\1C=CC(=N/S(=O)(=O)C)\c2c1cc(Cl)c(c23)c(Cl)c(Cl)c(Cl)c3Cl,2.92628294
COc1cccc(c12)/C(=N\S(=O)(=O)C)c3c(C\2=N\S(=O)(=O)C)cc(cc3)OC,2.347844768
CS(=O)(=O)/N=C\1/C(=N/S(=O)(=O)C)C(OC)=C(OC)c(c12)cc(OC)c(c2)OC,2.400166848
COc1c(OC)c(OC)cc(c12)/C(=N\S(=O)(=O)C)c3c(C\2=N\S(=O)(=O)C)cccc3,2.30338134
N#Cc1c(C#N)c(C#N)cc(c12)c(C#N)c3c(c2C#N)/C(=N/S(=O)(=O)C)C(\C(C#N)=C3)=N\S(=O)(=O)C,3.608744852
COc1c(OC)ccc2cc(OC)c(c3c12)/C(=N/S(=O)(=O)C)/C(=N/S(=O)(=O)C)C(OC)=C3OC,2.670669933
CS(=O)(=O)\N=C(C=C1N)\C(=N/S(=O)(=O)C)\c(c2N)c1c(N)c(c23)ccc(N)c3N,2.062244798
COc1c(OC)ccc(c2OC)c1cc(c23)/C(=N/S(=O)(=O)C)C(OC)=C(OC)C\3=N/S(=O)(=O)C,2.377418117
CS(=O)(=O)\N=C(C1F)\C(=N/S(=O)(=O)C)C(F)=c(c=1c23)ccc2c(F)c(F)cc3F,3.23277038
CS(=O)(=O)\N=C(C(F)=C1F)\C(=N/S(=O)(=O)C)\c(c1c23)cc(F)c2cc(F)c(F)c3F,3.039612978
Cc1c(C)ccc2cc(C)c(c3c12)C(C)=C(C)/C(=N\S(=O)(=O)C)C\3=N/S(=O)(=O)C,2.395617101
N#CC1=CC(=N/S(=O)(=O)C)\C(=N/S(=O)(=O)C)\c(c1c23)c(C#N)c(C#N)c3cccc2C#N,3.563247391
CS(=O)(=O)\N=C\1C=C(N)C(=N/S(=O)(=O)C)\c2ccc(c3c12)c(N)c(N)c(c3)N,2.337918049
CS(=O)(=O)\N=C\1C(OC)=C(OC)C(=N/S(=O)(=O)C)\c(c12)c(OC)c(OC)c3c2ccc(c3)OC,2.423535998
N#Cc1cc(C#N)cc(c12)/C(=N\S(=O)(=O)C)c3c(c(C#N)ccc3)C\2=N\S(=O)(=O)C,2.943241084
CS(=O)(=O)N=C1C(OC)=C(OC)C(=NS(=O)(=O)C)C(OC)=C1OC,2.90167295
CS(=O)(=O)\N=C\1C(=N\S(=O)(=O)C)\C(C)=C(C)c(cc2C)c1c(c23)cc(C)cc3C,2.479373791
CS(=O)(=O)\N=C\1C=CC(=N/S(=O)(=O)C)\c(c(C)c2C)c1c(c23)c(C)ccc3C,2.554651408
COC1=C(OC)C(=N/S(=O)(=O)C)\C(=N/S(=O)(=O)C)\c(c2)c1cc(c23)cccc3OC,2.612764073
c1c(Cl)c(Cl)c(Cl)c(c1c23)/C(=N\S(=O)(=O)C)C(=N/S(=O)(=O)C)\c2cc(Cl)cc3Cl,2.772832413
CS(=O)(=O)\N=C(C1)\C(=N/S(=O)(=O)C)\C(Cl)=c(c=1c23)c(Cl)cc2cc(Cl)cc3Cl,3.260689277
COc(c1)ccc(c2OC)c1c(OC)c(c23)C=C(OC)C(=N/S(=O)(=O)C)\C\3=N/S(=O)(=O)C,2.493850255
Nc1c(N)ccc2/C(=N/S(=O)(=O)C)C(=N\S(=O)(=O)C)\c(c3c12)cccc3,2.352187707
COc(c1)c(OC)cc(c2)c1cc(c23)C(OC)=CC(=N/S(=O)(=O)C)\C\3=N/S(=O)(=O)C,2.471515138
CS(=O)(=O)\N=C\1C=CC(=N/S(=O)(=O)C)\c(c2OC)c1cc(c23)c(OC)cc(OC)c3OC,2.543483849
Cc1c(C)c(C)c(C)c2cc(C)c(c3c12)C(=N\S(=O)(=O)C)\C(C)=CC\3=N/S(=O)(=O)C,2.323441584
Cc1c(C)c(C)cc2/C(=N/S(=O)(=O)C)C(=N\S(=O)(=O)C)\c(c3c12)cccc3,2.470067492
CS(=O)(=O)\N=C\1C=C(N)C(=N/S(=O)(=O)C)\c(c1c23)ccc2c(N)c(N)cc3N,2.313101252
CS(=O)(=O)\N=C\1C(=N\S(=O)(=O)C)\c(cccc2)c2c(c13)cccc3N,2.422501965
CS(=O)(=O)\N=C\1/C(=N/S(=O)(=O)C)C(N)=C(N)c2c1cc(N)c(c23)c(N)ccc3N,2.292834201
CS(=O)(=O)\N=C\1C(N)=CC(=N/S(=O)(=O)C)\c(c12)c(N)cc3c2cccc3N,2.403268947
COc1c(OC)c(OC)c(OC)c(c12)C=CC(=N/S(=O)(=O)C)\C\2=N\S(=O)(=O)C,2.422501965
Cc(c1)c(C)cc(c2C)c1cc(c23)/C(=N/S(=O)(=O)C)C=C(C)/C3=N\S(=O)(=O)C,2.425397258
CS(=O)(=O)\N=C\1C(N)=CC(=N/S(=O)(=O)C)\c(cc2N)c1c(c23)ccc(N)c3N,2.247750354
CS(=O)(=O)\N=C(C(N)=C1N)\C(=N/S(=O)(=O)C)\c(c2N)c1c(N)c(c23)cc(N)cc3N,1.96856139
Cc1cc(C)c(C)c(c12)cc3c(c2C)/C(=N/S(=O)(=O)C)/C(C=C3C)=N/S(=O)(=O)C,2.486405216
CS(=O)(=O)\N=C(C=C1)\C(=N/S(=O)(=O)C)\c(c2Cl)c1c(Cl)c(c23)c(Cl)ccc3Cl,2.824947686
N#Cc1c(C#N)c(C#N)cc(c12)c3c(c(C#N)cc(C#N)c3)/C(=N\S(=O)(=O)C)C\2=N/S(=O)(=O)C,3.388082167
CS(=O)(=O)/N=C(\C1N)/C(=N\S(=O)(=O)C)C=c2ccc(c3c=12)cc(N)c(c3)N,2.769109893
Cc1c(C)c(C)cc2/C(=N/S(=O)(=O)C)C(=N\S(=O)(=O)C)\c(c3c12)c(C)c(C)cc3,2.270499084
N#Cc(c1)cc(C#N)c(c1c23)ccc2/C(=N/S(=O)(=O)C)C=C(C#N)/C3=N\S(=O)(=O)C,3.301636991
CS(=O)(=O)\N=C(C=C1N)\C(=N/S(=O)(=O)C)\c(c(N)c2N)c1c(c23)ccc(N)c3N,2.274221604
c1cc(C#N)cc(c12)c=3c(cc2C#N)=CC(=N/S(=O)(=O)C)/C(C3)=N/S(=O)(=O)C,3.491692293
CS(=O)(=O)\N=C(C(N)=C1N)\C(=N/S(=O)(=O)C)\c2ccc(c3c12)cc(N)cc3,2.379899797
Cc1cc(C)c(C)c2ccc(c3c12)C(C)=C(C)/C(=N\S(=O)(=O)C)C\3=N/S(=O)(=O)C,2.479787404
CS(=O)(=O)\N=C\1C(OC)=C(OC)C(=N/S(=O)(=O)C)\c(c1c23)c(OC)c(OC)c2cccc3OC,2.397685168
CS(=O)(=O)/N=C\1c(cc(N)cc2)c2C(=N\S(=O)(=O)C)\c(c13)ccc(N)c3N,2.07444639
CS(=O)(=O)\N=C\1/C(=N/S(=O)(=O)C)C(N)=Cc(c1c23)ccc2c(N)c(N)cc3N,2.581743077
CC1=C(C)/C(=N\S(=O)(=O)C)C(=N/S(=O)(=O)C)\c(c(C)c2C)c1c(c23)c(C)c(C)cc3C,2.450214054
CS(=O)(=O)/N=C1\C(C#N)=C(C#N)/C(=N\S(=O)(=O)C)c(c2C#N)c1cc(c23)cccc3C#N,3.507823211
COc1c(OC)cc(OC)c2cc(OC)c(c3c12)/C(=N/S(=O)(=O)C)C(OC)=CC\3=N/S(=O)(=O)C,2.472549172
Nc1cc(N)c(N)c(c12)/C(=N/S(=O)(=O)C)C(=N\S(=O)(=O)C)\c3c2cccc3N,2.14579468
CS(=O)(=O)\N=C\1/C(=N/S(=O)(=O)C)C=C(N)c(cc2N)c1c(c23)cc(N)cc3N,2.180745002
Cc1c(C)cc(C)c(c12)C=CC(=N/S(=O)(=O)C)\C\2=N\S(=O)(=O)C,2.451041281
N#Cc1c(C#N)cc(C#N)c2ccc(c3c12)C(C#N)=C(C#N)/C(=N\S(=O)(=O)C)C\3=N/S(=O)(=O)C,3.761368152
CS(=O)(=O)\N=C(C1Cl)\C(=N/S(=O)(=O)C)C(Cl)=c2ccc(c3c=12)c(Cl)ccc3,3.269581962
CS(=O)(=O)\N=C\1/C(=N/S(=O)(=O)C)C=C(Cl)c(c1c23)ccc3cc(Cl)c(Cl)c2Cl,2.900845723
COc1c(OC)ccc2/C(=N/S(=O)(=O)C)C(=N\S(=O)(=O)C)\c(c3c12)cccc3OC,2.392721808
N#Cc(c1)ccc(cc2C#N)c1c(c23)/C(=N/S(=O)(=O)C)C=C(C#N)/C3=N\S(=O)(=O)C,3.274752128
CS(=O)(=O)\N=C(C1)\C(=N/S(=O)(=O)C)C=c(cc2N)c=1c(c23)ccc(N)c3N,2.774486866
CS(=O)(=O)\N=C(C(N)=C1N)\C(=N/S(=O)(=O)C)\c2c1cc(N)c(c23)c(N)c(N)c(N)c3N,2.087268401
COc1c(OC)c(OC)cc(c12)/C(=N/S(=O)(=O)C)C=C(OC)C\2=N/S(=O)(=O)C,2.405130207
CS(=O)(=O)\N=C(C=C1)\C(=N/S(=O)(=O)C)\c(c2N)c1c(N)c(c23)c(N)c(N)c(N)c3N,2.15199888
Nc1cc(N)cc2/C(=N/S(=O)(=O)C)C(=N\S(=O)(=O)C)\c(c3c12)cc(N)c(c3)N,2.230378596
CS(=O)(=O)/N=C(\C1F)/C(=N\S(=O)(=O)C)C=c(c=1c23)ccc2c(F)ccc3F,3.201335771
CS(=O)(=O)\N=C\1C(N)=CC(=N/S(=O)(=O)C)\c(c1c23)ccc2c(N)cc(N)c3N,2.350533254
COC1=C(OC)C(=N/S(=O)(=O)C)\C(=N/S(=O)(=O)C)\c(c2OC)c1cc(c23)c(OC)ccc3OC,2.314135285
CS(=O)(=O)\N=C\1C(=N\S(=O)(=O)C)\c(cc(N)c(c2)N)c2c(c13)cc(N)c(N)c3N,2.09471344
Cc1c(C)cc(C)c(c12)cc=3c(c2C)=CC(=N\S(=O)(=O)C)\C(C3)=N\S(=O)(=O)C,3.232977187
Clc1cccc2/C(=N/S(=O)(=O)C)C(=N\S(=O)(=O)C)\c(c3c12)ccc(Cl)c3,2.665706573
CS(=O)(=O)\N=C(\C1F)/C(=N/S(=O)(=O)C)C=c(c=12)c3c(cc2F)c(F)c(F)cc3,3.351063778
CS(=O)(=O)\N=C\1C=C(F)C(=N/S(=O)(=O)C)\c2ccc(c3c12)cc(F)c(F)c3,2.839217344
N#CC1=C(C#N)/C(=N\S(=O)(=O)C)C(=N/S(=O)(=O)C)\c(c2C#N)c1c(C#N)c(c23)cc(C#N)cc3C#N,3.771501677
CS(=O)(=O)\N=C\1C(OC)=C(OC)C(=N/S(=O)(=O)C)\c(c2OC)c1cc(c23)c(OC)c(OC)c(OC)c3OC,2.38031341
CS(=O)(=O)/N=C(C1)/C(=N\S(=O)(=O)C)C=c(c2N)c=1c(N)c(c23)c(N)ccc3N,3.016657441
CS(=O)(=O)\N=C\1C(N)=CC(=N/S(=O)(=O)C)\c(c12)cc3c(c2N)ccc(c3)N,2.173713577
CS(=O)(=O)\N=C(C=C1)\C(=N/S(=O)(=O)C)\c(cc2OC)c1c(c23)cc(OC)cc3OC,2.825361299
CS(=O)(=O)\N=C\1/C(=N/S(=O)(=O)C)C(OC)=C(OC)c(c12)cc3c(c2)cc(OC)c(c3)OC,2.542863429
Cc(c1)c(C)c(C)c(cc2C)c1c(c23)C(=N\S(=O)(=O)C)\C(C)=C(C)/C3=N\S(=O)(=O)C,2.416504572
CS(=O)(=O)\N=C\1/C(=N/S(=O)(=O)C)C(N)=C(N)c(c12)c(N)cc3c2cc(N)cc3N,2.234721536
c1cc(C)cc(cc2C)c1c(c23)C(C)=CC(=N/S(=O)(=O)C)\C\3=N/S(=O)(=O)C,2.646473556
Nc1c(N)c(N)cc2/C(=N/S(=O)(=O)C)C(=N\S(=O)(=O)C)\c(c3c12)cccc3N,2.218590618
CS(=O)(=O)\N=C(C(N)=C1N)\C(=N/S(=O)(=O)C)\c(c12)cc3c(c2N)cc(N)c(c3)N,2.135247542
CS(=O)(=O)\N=C\1/C(=N/S(=O)(=O)C)C=Cc2c1ccc(c23)c(N)c(N)c(N)c3N,2.665086153
N#Cc(c1)c(C#N)cc(c12)/C(=N\S(=O)(=O)C)c3c(C\2=N\S(=O)(=O)C)cccc3,2.922767227
Cc1cccc(c2C)c1cc(c23)C=C(C)/C(=N\S(=O)(=O)C)C\3=N/S(=O)(=O)C,2.459520353
CS(=O)(=O)\N=C(C(N)=C1N)\C(=N/S(=O)(=O)C)\c(c2)c1cc(c23)cc(N)cc3N,2.181365422
CS(=O)(=O)\N=C(C(F)=C1)\C(=N/S(=O)(=O)C)\c2c1cc(F)c(c23)c(F)c(F)cc3F,2.915115381
Nc1c(N)c(N)c(N)c(c12)/C(=N/S(=O)(=O)C)C(=N\S(=O)(=O)C)\c3c2ccc(N)c3N,2.051490852
COc1c(OC)c(OC)cc(C\2=N/S(=O)(=O)C)c1/C(=N\S(=O)(=O)C)c(c23)c(OC)cc(OC)c3OC,2.164200471
CS(=O)(=O)\N=C\1C=C(Cl)C(=N/S(=O)(=O)C)\c(cc2Cl)c1c(c23)ccc(Cl)c3Cl,2.895055137
N#Cc(c1)ccc(c(C#N)c2C#N)c1c(c23)C(C#N)=CC(=N/S(=O)(=O)C)\C\3=N/S(=O)(=O)C,3.560972518
Cc1c(C)cc(C)c(c12)cc3c(c2C)C=C(C)/C(=N\S(=O)(=O)C)C\3=N/S(=O)(=O)C,2.507499494
CS(=O)(=O)\N=C\1/C(=N/S(=O)(=O)C)C=Cc(c12)cc3c(c2)cc(F)c(F)c3,2.755253848
CS(=O)(=O)/N=C(\C1N)/C(=N\S(=O)(=O)C)C=c(c=1c23)c(N)c(N)c2cc(N)c(N)c3N,2.386103996
CS(=O)(=O)/N=C\1/C(=N/S(=O)(=O)C)C=Cc(c12)cc(F)cc2F,2.654125401
N#Cc1c(C#N)c(C#N)c(C#N)c(c12)cc(C#N)c3c2C=C(C#N)/C(=N\S(=O)(=O)C)C\3=N/S(=O)(=O)C,3.770054031
CS(=O)(=O)/N=C(\C=1C)C(=N/S(=O)(=O)C)\C(C)=c2cc(C)c(c3c12)cc(C)cc3,2.82039794
N#Cc(c1)c(C#N)c(C#N)c(cc2C#N)c1c(c23)C(=N\S(=O)(=O)C)\C(C#N)=C(C#N)/C3=N\S(=O)(=O)C,3.744823621
CS(=O)(=O)\N=C\1/C(=N/S(=O)(=O)C)C=Cc(c2Cl)c1cc(c23)c(Cl)ccc3,2.847282803
COc1ccc(OC)c(c12)c(OC)cc3c2C(OC)=CC(=N/S(=O)(=O)C)\C\3=N/S(=O)(=O)C,2.63696045
Cc1c(C)c(C)cc2c1/C(=N\S(=O)(=O)C)C(=N/S(=O)(=O)C)\c(c23)c(C)c(C)cc3C,2.181158616
N#CC1=C(C#N)/C(=N\S(=O)(=O)C)C(=N/S(=O)(=O)C)\c(c12)c3c(cc2C#N)c(C#N)ccc3,3.666857518
c1cccc(c2C)c1c(C)c(c23)/C(=N/S(=O)(=O)C)C=CC\3=N/S(=O)(=O)C,2.46034758
COc1c(OC)c(OC)c(OC)c(c12)/C(=N\S(=O)(=O)C)c3c(C\2=N\S(=O)(=O)C)cc(OC)c(c3)OC,2.156135012
COc(cc1)cc2c1c(OC)c(OC)c(c23)/C(=N/S(=O)(=O)C)C(OC)=C(OC)C\3=N/S(=O)(=O)C,2.460968
CS(=O)(=O)\N=C\1/C(=N/S(=O)(=O)C)C(F)=Cc2c1c(F)c(F)c(c23)cc(F)cc3F,3.029479453
CS(=O)(=O)\N=C\1C(Cl)=C(Cl)C(=N/S(=O)(=O)C)\c2ccc(c3c12)cccc3,2.815020967
COc1c(OC)ccc2cc(OC)c(c3c12)/C(=N/S(=O)(=O)C)/C(C=C3)=N/S(=O)(=O)C,2.765800987
COc1c(OC)c(OC)c(OC)c(c12)c(OC)c(OC)c3c2/C(=N/S(=O)(=O)C)/C(=N/S(=O)(=O)C)C=C3OC,2.43201507
CS(=O)(=O)\N=C\1C(N)=CC(=N/S(=O)(=O)C)\c(c2N)c1cc(c23)ccc(N)c3N,2.167095764
COc(c1)c(OC)cc(c12)C(=NS(=O)(=O)C)c3c(C2=NS(=O)(=O)C)cc(OC)c(c3)OC,2.221485911
COc1ccc(OC)c(c12)/C(=N\S(=O)(=O)C)c3c(C\2=N\S(=O)(=O)C)cc(OC)c(c3)OC,2.241546155
CS(=O)(=O)\N=C(C=C1)\C(=N/S(=O)(=O)C)\c(c2)c1cc(c23)cc(Cl)c(Cl)c3Cl,2.833426758
CS(=O)(=O)\N=C(C(N)=C1N)\C(=N/S(=O)(=O)C)\c(c12)c(N)cc3c2cc(N)c(N)c3N,2.208250286
CS(=O)(=O)\N=C\1/C(=N/S(=O)(=O)C)C=C(F)c(c12)cc3c(c2F)ccc(F)c3F,2.746361163
CS(=O)(=O)\N=C(\C1Cl)/C(=N/S(=O)(=O)C)C=c2c=1cc(Cl)c(c23)c(Cl)cc(Cl)c3Cl,3.292537499
CS(=O)(=O)\N=C(C(N)=C1N)\C(=N/S(=O)(=O)C)\c(c2N)c1c(N)c(c23)c(N)ccc3N,2.050043206
CS(=O)(=O)\N=C\1C(N)=CC(=N/S(=O)(=O)C)\c(c(N)c2N)c1c(c23)ccc(N)c3N,2.205768606
N#Cc(c1)ccc(c1c23)c(C#N)cc2C(=N\S(=O)(=O)C)\C(C#N)=CC\3=N/S(=O)(=O)C,3.364092597
CS(=O)(=O)\N=C\1C=C(F)C(=N/S(=O)(=O)C)\c(c12)c(F)cc3c2cc(F)c(F)c3F,2.871065567
c1cccc2cc(C#N)c(c=3c12)=CC(=N\S(=O)(=O)C)\C(C3)=N\S(=O)(=O)C,3.330796728
CS(=O)(=O)\N=C(C(N)=C1N)\C(=N/S(=O)(=O)C)\c2cc(N)c(c3c12)cc(N)c(c3)N,2.19873718
CS(=O)(=O)\N=C(C1N)\C(=N/S(=O)(=O)C)C(N)=c2cc(N)c(c3c=12)cc(N)c(c3)N,2.449800441
c1cc(C)cc(c2C)c1cc(c23)C(=N\S(=O)(=O)C)\C(C)=C(C)/C3=N\S(=O)(=O)C,2.352394514
CS(=O)(=O)\N=C\1/C(=N/S(=O)(=O)C)C=Cc(c1c23)ccc2c(Cl)ccc3Cl,2.860932041
N#Cc1c(C#N)ccc2cc(C#N)c(c3c12)C(C#N)=C(C#N)/C(=N\S(=O)(=O)C)C\3=N/S(=O)(=O)C,3.781428396
N#Cc1cccc2c(C#N)cc(c3c12)C(=N\S(=O)(=O)C)\C(C#N)=CC\3=N/S(=O)(=O)C,3.272270448
CS(=O)(=O)\N=C\1/C(=N/S(=O)(=O)C)C(N)=Cc(c1c23)cc(N)c2cc(N)c(N)c3N,2.328404943
COC1/C(=N\S(=O)(=O)C)/C(=N\S(=O)(=O)C)C=c2c(OC)cc(c3c=12)cccc3,3.017071055
COc1cc(OC)c(OC)c2ccc(c3c12)C=CC(=N/S(=O)(=O)C)\C\3=N/S(=O)(=O)C,2.656193468
CS(=O)(=O)\N=C\1/C(=N/S(=O)(=O)C)C=Cc(c12)c3c(cc2N)c(N)ccc3,2.748015616
CS(=O)(=O)/N=C\1c(cc(F)cc2)c2C(=N\S(=O)(=O)C)\c(c13)c(F)ccc3F,2.553203761
Cc1c(C)c(C)cc(c12)c3c(cc(C)cc3)/C(=N\S(=O)(=O)C)C\2=N/S(=O)(=O)C,2.380520217
CS(=O)(=O)\N=C\1/C(=N/S(=O)(=O)C)C=C(OC)c2ccc(c3c12)cccc3,2.633858351
CS(=O)(=O)\N=C\1C(F)=C(F)C(=N/S(=O)(=O)C)\c(cc2F)c1c(c23)cc(F)cc3F,2.904361436
CS(=O)(=O)\N=C\1C(Cl)=CC(=N/S(=O)(=O)C)\c2cc(Cl)c(c3c12)cc(Cl)c(Cl)c3,2.9250421
CS(=O)(=O)\N=C\1/C(=N/S(=O)(=O)C)C(N)=C(N)c(c12)cc3c(c2)cccc3,2.368939045
CS(=O)(=O)\N=C\1C(N)=C(N)C(=N/S(=O)(=O)C)\c(c12)cc3c(c2N)ccc(c3)N,2.128422923
CS(=O)(=O)\N=C\1C=CC(=N/S(=O)(=O)C)\c(c(OC)c2OC)c1c(c23)c(OC)cc(OC)c3OC,2.475444464
COc1ccc(OC)c2ccc(c3c12)C(OC)=CC(=N/S(=O)(=O)C)\C\3=N/S(=O)(=O)C,2.48805967
CS(=O)(=O)/N=C\1c(ccc(Cl)c2)c2C(=N\S(=O)(=O)C)\c(c13)cccc3Cl,2.496538742
Clc1c(Cl)cc(Cl)c(c12)/C(=N/S(=O)(=O)C)C(=N\S(=O)(=O)C)\c3c2cc(Cl)cc3,2.666120187
CS(=O)(=O)\N=C\1C(N)=C(N)C(=N/S(=O)(=O)C)\c(c2N)c1c(N)c(c23)ccc(N)c3N,2.088302434
Cc1cc(C)cc(c2C)c1cc(c23)C(=N\S(=O)(=O)C)\C(C)=CC\3=N/S(=O)(=O)C,2.448145988
CS(=O)(=O)\N=C(C1N)/C(=N/S(=O)(=O)C)C(N)=c(c2N)c=1cc(c23)c(N)c(N)c(N)c3N,2.458279513
CS(=O)(=O)\N=C(C=C1)\C(=N/S(=O)(=O)C)\c(cc2Cl)c1c(c23)ccc(Cl)c3Cl,3.003628623
Cc1c(C)c(C)cc(c12)C(=N/S(=O)(=O)C)\c3c(C\2=N\S(=O)(=O)C)cc(C)c(C)c3C,2.0996768
CS(=O)(=O)/N=C\1c(cccc2)c2C(=N\S(=O)(=O)C)\c(c13)c(Cl)ccc3Cl,2.482269084
CS(=O)(=O)\N=C\1C=C(OC)C(=N/S(=O)(=O)C)\c(c2OC)c1cc(c23)c(OC)c(OC)c(OC)c3OC,2.381967863
CC1=C(C)/C(=N\S(=O)(=O)C)C(=N/S(=O)(=O)C)\c(c1c23)c(C)c(C)c3cccc2C,2.481648664
Cc1cc(C)c(C)c2cc(C)c(c3c12)=CC(=N\S(=O)(=O)C)\C(\C=3C)=N\S(=O)(=O)C,2.864654561
CS(=O)(=O)\N=C\1C(N)=C(N)C(=N/S(=O)(=O)C)\c(c2)c1cc(c23)c(N)c(N)c(N)c3N,2.264501692
CS(=O)(=O)\N=C\1/C(=N/S(=O)(=O)C)C(N)=Cc(c12)c3c(cc2N)cc(N)cc3,2.483509923
COc1c(OC)c(OC)cc(c12)c3c(cc(cc3)OC)/C(=N\S(=O)(=O)C)C\2=N/S(=O)(=O)C,2.371834338
COc1c(OC)c(OC)cc(c2OC)c1cc(c23)C=CC(=N/S(=O)(=O)C)\C\3=N/S(=O)(=O)C,2.53541839
CS(=O)(=O)\N=C(C(Cl)=C1Cl)\C(=N/S(=O)(=O)C)\c2ccc(c3c12)c(Cl)c(Cl)c(Cl)c3,3.016243828
CS(=O)(=O)\N=C(C=C1F)\C(=N/S(=O)(=O)C)\c(c2F)c1cc(c23)c(F)c(F)c(F)c3F,2.805507862
CS(=O)(=O)\N=C\1/C(=N/S(=O)(=O)C)C(N)=Cc2cc(N)c(c3c12)ccc(c3)N,2.341433762
COC1=CC(=N/S(=O)(=O)C)\C(=N/S(=O)(=O)C)\c(c(OC)c2OC)c1c(c23)ccc(OC)c3OC,2.50894714
CS(=O)(=O)\N=C\1C=CC(=N/S(=O)(=O)C)\c(c12)cc3c(c2F)cc(F)c(F)c3,2.84376709
CS(=O)(=O)\N=C\1/C(=N/S(=O)(=O)C)C=C(C)c2ccc(c3c12)cccc3,2.737675284
N#Cc1c(C#N)c(C#N)c(C#N)c2/C(=N/S(=O)(=O)C)C(=N\S(=O)(=O)C)\c(c3c12)cc(C#N)c(C#N)c3C#N,3.708012039
CS(=O)(=O)\N=C(C(=C1)N)\C(=N/S(=O)(=O)C)\c2c1cc(N)c(c23)c(N)ccc3N,2.368939045
CS(=O)(=O)\N=C(C=C1)\C(=N/S(=O)(=O)C)\c(c2N)c1cc(c23)c(N)ccc3N,2.344535861
CS(=O)(=O)/N=C(C1F)/C(=N\S(=O)(=O)C)C(F)=c(c2)c=1cc(c23)c(F)ccc3F,3.484867674
Cc1c(C)ccc(c12)C(C)=CC(=N/S(=O)(=O)C)\C\2=N\S(=O)(=O)C,2.383622316
Cc1c(C)cc(C)c(c12)c3c(cc2C)/C(=N/S(=O)(=O)C)C(\C(C)=C3C)=N\S(=O)(=O)C,2.572023165
COc1cc(OC)cc2ccc(c3c12)/C(=N/S(=O)(=O)C)C=C(OC)C\3=N/S(=O)(=O)C,2.423742804
CS(=O)(=O)\N=C(C=C1)\C(=N/S(=O)(=O)C)\c(cc2C#N)c1c(c23)cc(C#N)cc3,3.207126357
CS(=O)(=O)\N=C\1/C(=N/S(=O)(=O)C)C(N)=Cc2cc(N)c(c3c12)cc(N)cc3,2.391274162
CS(=O)(=O)/N=C1\C(C#N)=C(C#N)/C(=N\S(=O)(=O)C)c(c(C#N)c2C#N)c1c(c23)cccc3C#N,3.673888943
c1cc(C#N)cc(c12)c=3c(c(C#N)c2C#N)=CC(=N\S(=O)(=O)C)\C(C3)=N\S(=O)(=O)C,3.665203064
COc1c(OC)c(OC)c(OC)c2ccc(c=3c12)=CC(=N\S(=O)(=O)C)\C(\C3OC)=N\S(=O)(=O)C,2.784620391
CS(=O)(=O)\N=C\1C=CC(=N/S(=O)(=O)C)\c(c12)cc(N)c(N)c2N,2.495711515
CS(=O)(=O)\N=C\1/C(=N/S(=O)(=O)C)C(Cl)=Cc(c1c23)c(Cl)cc2c(Cl)c(Cl)cc3Cl,3.011694082
CS(=O)(=O)\N=C(C(F)=C1F)\C(=N/S(=O)(=O)C)\c2cc(F)c(c3c12)ccc(F)c3,2.97612334
COC(=C1)C(=N/S(=O)(=O)C)\C(=N/S(=O)(=O)C)\c(c2OC)c1cc(c23)cc(OC)cc3OC,2.438219269
CS(=O)(=O)/N=C(C1Cl)/C(=N\S(=O)(=O)C)C(Cl)=c(c2Cl)c=1cc(c23)c(Cl)c(Cl)c(Cl)c3Cl,3.52209287
CC1=C(C)/C(=N\S(=O)(=O)C)C(=N/S(=O)(=O)C)\c(c2)c1cc(c23)cc(C)cc3C,2.45848632
N#Cc1c(C#N)ccc(c2C#N)c1cc(c23)C=CC(=N/S(=O)(=O)C)\C\3=N/S(=O)(=O)C,3.173830488
Cc1c(C)c(C)cc(c2C)c1cc(c23)C(=N\S(=O)(=O)C)\C(C)=CC\3=N/S(=O)(=O)C,2.421674738
N#Cc1c(C#N)ccc2ccc(c3c12)C(C#N)=C(C#N)/C(=N\S(=O)(=O)C)C\3=N/S(=O)(=O)C,3.644729207
COC1=C(OC)C(=N/S(=O)(=O)C)\C(=N/S(=O)(=O)C)\c(c1c23)c(OC)cc2cccc3OC,2.683491944
Cc1c(C)c(C)cc(c12)/C(=N/S(=O)(=O)C)C=CC\2=N/S(=O)(=O)C,2.619381886
CS(=O)(=O)\N=C(C(=C1)N)\C(=N/S(=O)(=O)C)\c(c2N)c1cc(c23)c(N)cc(N)c3N,2.196669114
CS(=O)(=O)/N=C(\C=1C#N)C(=N/S(=O)(=O)C)\C(C#N)=c2ccc(c3c12)ccc(C#N)c3,3.710493719
