Voltage,SMILES
2.95,O=C1C2=C(O)C=CC(O)=C2C(=O)C2=C1C(=O)C1=C(C2=O)C(=O)C2=C(C1=O)C(=O)C1=C(C2=O)C(O)=CC=C1O
2.4,O=C(C1=C(C(S(=O)(O[Na])=O)=CC=C1)C2=O)C3=C2C=CC=C3S(=O)(O[Na])=O
2.4,OC(C1=C2C=CC=C1S(=O)(O)=O)=C3C(C(S(=O)(O)=O)=CC=C3)=C2O
2.25,O=C1C2=C(C=CC=C2)C(=O)C2=C1C=CC=C2S(=O)(=O)O[Na]
2.25,OC(C1=C2C=CC=C1S(=O)(O)=O)=C3C(C=CC=C3)=C2O
2.34,O=C1C(O)=C(C2=C(O)C(=O)C3=C(C=CC=C3)C2=O)C(=O)C2=C1C=CC=C2
2.34,OC1=C(C(C2=C(O)C(C=CC=C3)=C3C(O)=C2O)=C(C4=C1C=CC=C4)O)O
2.8,CC1=CC(=O)C(C2=CC(=O)[C@@H](C)CC2=O)=CC1=O
2.4,O=C1C=C(C2=CC(=O)C3=C(C=CO3)C2=O)C(=O)C2=C1OC=C2
2.4,OC1=CC(C2=C(O)C(C=CO3)=C3C(O)=C2)=C(C4=C1OC=C4)O
2.3,O=C1C=C(C2=CC(=O)C3=C(C=CC=C3)C2=O)C(=O)C2=C1C=CC=C2
2.3,OC1=CC(C2=C(O)C(C=CC=C3)=C3C(O)=C2)=C(C4=C1C=CC=C4)O
2.72,O=C1C2=C(C=CC=C2)C(=S)C2=C1C=CC=C2
2.52,O=C1C(=O)C2=C(C=CC=C2)C2=CC=CC=C12
2.52,OC1=C(C2=C(C3=CC=CC=C13)C=CC=C2)O
2.75,O=C1C2=NC=CN=C2C(=O)C2=C1N=CC=N2
2.75,OC1=C2N=CC=NC2=C(C3=C1N=CC=N3)O
2.94,O=C1C(=O)C2=C(C=CCN2)C2=CC=CN=C12
2.73,O=C1C(=O)C2=C(N=CC=C2)C2=NC=CC=C12
2.73,OC1=C(C2=C(C3=NC=CC=C13)N=CC=C2)O
2.1,O=C1C(C(C(C1=O)=O)=O)=O
2.1,O=C1C(C(O)=C(C1=O)O)=O
2.1,O=C1C(C(O[Li])=C(C1=O)O[Li])=O
2.9,O=C1C(C(O)=O)=CC=C(C(O)=O)C1=O
2.9,O=C(C1=CC=C(C(O[Li])=C1O[Li])C(O[Li])=O)O[Li]
2.9,O=C(C1=CC=C(C(O)=C1O)C(O[Li])=O)O[Li]
2.9,O=C(O)C1=CC=C(C(O)=O)C(O)=C1O
2.9,O=C(C1=CC=C(C(C1=O)=O)C(O[Li])=O)O[Li]
1.79,O=C(C1=CC2=C(C(O[Li])=C3C(C=CC(C(O[Li])=O)=C3)=C2O[Li])C=C1)O[Li]
1.79,O=C(C1=CC2=C(C(O)=C3C(C=CC(C(O[Li])=O)=C3)=C2O)C=C1)O[Li]
1.79,O=C(C1=CC2=C(C(C3=C(C2=O)C=CC(C(O[Li])=O)=C3)=O)C=C1)O[Li]
2.11,O=C1C2=CC(C(O)=O)=CC=C2C(C=CC(C(O)=O)=C3)=C3C1=O
2.11,O=C(C1=CC=C2C(C(O[Li])=C(C3=C2C=CC(C(O[Li])=O)=C3)O[Li])=C1)O[Li]
2.11,O=C(C1=CC=C2C(C(O)=C(C3=C2C=CC(C(O[Li])=O)=C3)O)=C1)O[Li]
2.11,O=C(C1=CC=C2C(C(C(C3=C2C=CC(C(O[Li])=O)=C3)=O)=O)=C1)O[Li]
2.39,O=C(C1=CC2=C3C(C(O[Li])=C(C4=C3C(C(O[Li])=C2O[Li])=CC(C(O[Li])=O)=C4)O[Li])=C1)O[Li]
2.39,O=C(C1=CC2=C3C(C(O)=C(C4=C3C(C(O)=C2O)=CC(C(O[Li])=O)=C4)O)=C1)O[Li]
2.39,O=C(O)C1=CC2=C3C(C(O)=C(O)C4=C3C(C(O)=C2O)=CC(C(O)=O)=C4)=C1
2.39,O=C(C1=CC2=C3C(C(C(C4=C3C(C(C2=O)=O)=CC(C(O[Li])=O)=C4)=O)=O)=C1)O[Li]
2.4,O=C1C(C(C(O)=C(C1=O)O)=O)=O
2.4,O=C1C(C(C(O[Li])=C(C1=O)O[Li])=O)=O
2.5,CC1=CC(=O)C(C)=CC1=O
2.5,OC(C=C1C)=C(C=C1O)C
3,O=C1CC(C(F)(F)F)C(=O)C=C1C(F)(F)F
3,OC(C=C1C(F)(F)F)=C(C=C1O)C(F)(F)F
3.1,O=C(C=C1C(F)(F)C(F)(F)C(F)(F)C(F)(F)F)C(C(F)(F)C(F)(F)C(F)(F)C(F)(F)F)=CC1=O
3.1,OC(C=C1C(C(C(C(F)(F)F)(F)F)(F)F)(F)F)=C(C=C1O)C(C(C(C(F)(F)F)(F)F)(F)F)(F)F
3.1,O=C(C(C(F)(C(F)(C(F)(C(F)(C(F)(F)C(F)(F)F)F)F)F)F)=C(Cl)C1=O)C(Cl)=C1C(F)(C(F)(C(F)(C(F)(C(F)(F)C(F)(F)F)F)F)F)F
3.1,OC(C(Cl)=C1C(C(C(C(C(F)(C(F)(F)F)F)(F)F)(F)F)(F)F)(F)F)=C(C(Cl)=C1O)C(C(C(C(C(F)(C(F)(F)F)F)(F)F)(F)F)(F)F)(F)F
2.6,O=C(C=C1CC2=CC3=O)C(CC(C(C=C4CC(C(C=C5CC(C(C=C6CC3=CC2=O)=O)=CC6=O)=O)=CC5=O)=O)=CC4=O)=CC1=O
2.6,OC(C=C1CC(C=C2O)=C(O)C=C2CC3=C(O)C=C(C(O)=C3)CC4=C(O)C=C(C(O)=C4)C5)=C(C=C1O)CC6=CC(O)=C5C=C6O
2.77,O=C1C=CC(=O)C2=C3C(=O)C=CC(=O)C3=CC=C12
2.77,OC1=CC=C(C2=C3C(O)=CC=C(C3=CC=C12)O)O
3.05,O=C1C(Cl)=C(Cl)C(=O)C(Cl)=C1Cl
2.5,CCCCCCN1C(=O)C2=CC=C3C(=O)N(CCCCCC)C(=O)C4=CC=C(C1=O)C2=C34
2.3,CCCCCCN1C(=O)C2=CC(N(C)C)=C3C(=O)N(CCCCCC)C(=O)C4=CC(N(C)C)=C(C1=O)C2=C43
2.6,CCCCCCN1C(=O)C2=CC(F)=C3C(=O)N(CCCCCC)C(=O)C4=CC(F)=C(C1=O)C2=C43
2.8,CCCCCCN1C(=O)C2=CC(C#N)=C3C(=O)N(CCCCCC)C(=O)C4=CC(C#N)=C(C1=O)C2=C43
2.55,O=C1NC(=O)C2=CC=C3C(=O)NC(=O)C4=CC=C1C2=C43
2.4,CN(C)C1=C2C(=O)NC(=O)C3=CC(N(C)C)=C4C(=O)NC(=O)C(=C1)C4=C32
2.9,N#CC1=C2C(=O)NC(=O)C3=CC(C#N)=C4C(=O)NC(=O)C(=C1)C4=C32
2.35,O=C(C1=CC=C2C3=CC=C4C(N(C(C5=C4C3=C(C6=C2C1=C(C7=O)C=C6)C=C5)=O)C8=CC=C(C(O)=O)C=C8)=O)N7C9=CC=C(C(O)=O)C=C9
2.7,O=C(O1)C2=CC=C3C4=CC=C5C(OC(C6=C5C4=C(C=C6)C7=C3C2=C(C=C7)C1=O)=O)=O
2.68,O=C(N1)C2=CC=C3C4=CC=C5C(NC(C6=C5C4=C(C=C6)C7=C3C2=C(C=C7)C1=O)=O)=O
2.48,CC1=C(C=C2N(C)C3=NC(NC(C3=NC2=C1)=O)=O)C
2.54,CC1=C(C)C=C2C(N=C3C(NC(N=C3N2C[C@H](O)[C@H](O)[C@H](O)CO)=O)=O)=C1
2.43,CC1=C(C)C=C2N=C3C(=O)NC(=O)NC3=NC2=C1
2.2,O=C1C2=CC(S(=O)(O[Na])=O)=CC=C2N/C1=C3NC4=C(C/3=O)C=C(C=C4)S(=O)(O[Na])=O
2.05,ClC(C(O[Li])=C1O[Li])=C(C(O[Li])=C1Cl)O[Li]
2.05,OC1C(O[Li])=C(C(C(O[Li])=C1Cl)O)Cl
2.05,O=C1C(O[Li])=C(C(C(O[Li])=C1Cl)=O)Cl
0.8,[Li]O/C(O[Li])=C1C=C/C(C=C/1)=C(O[Li])\O[Li]
0.8,O/C(O[Li])=C(C=C/1)/C=CC1=C(O)\O[Li]
0.8,O=C(O[Li])C(C=C1)=CC=C1C(O[Li])=O
1.35,[Li]O/C(O[Li])=C/C=C/C=C(O[Li])/O[Li]
1.35,O/C(O[Li])=C\C=C\C=C(O)\O[Li]
1.35,O=C(O[Li])/C=C/C=C/C(O[Li])=O
1,[Li]OC(O[Li])C1=CC=C(C(O[Li])O[Li])S1
1,OC(O[Li])C1=CC=C(S1)C(O)O[Li]
1,O=C(O[Li])C1=CC=C(S1)C(O[Li])=O
1,[Li]OC(O[Li])C#CC1=CC=C(C=C1)C#CC(O[Li])O[Li]
1,OC(O[Li])C#CC(C=C1)=CC=C1C#CC(O)O[Li]
1,O=C(O[Li])C#CC(C=C1)=CC=C1C#CC(O[Li])=O
0.83,[Li]OC(O[Li])C1=CC2=CC=C(C=C2C=C1)C(O[Li])O[Li]
0.83,OC(O[Li])C(C=C1C=C2)=CC=C1C=C2C(O)O[Li]
0.83,O=C(O[Li])C(C=C1C=C2)=CC=C1C=C2C(O[Li])=O
1.1,[Li]OC(O[Li])C1=C2C(C3=CC=C2C(O[Li])O[Li])=C(C4=CC=C(C(O[Li])O[Li])C5=C4C3=CC=C5C(O[Li])O[Li])C=C1
1.1,OC(O[Li])C1=CC=C2C3=C(C4=CC=C(C(O)O[Li])C5=C4C2=CC=C5C(O)O[Li])C=CC(C(O)O[Li])=C31
1.1,O=C(O[Li])C1=CC=C2C3=C(C4=CC=C(C(O[Li])=O)C5=C4C2=CC=C5C(O[Li])=O)C=CC(C(O[Li])=O)=C31
2.4,O=C(C1=CC(C(C(O[Li])=O)=CC1=O)=O)O[Li]
2.4,O=C(C1=CC(O)=C(C=C1O)C(O[Li])=O)O[Li]
2.4,O=C(O)C1=CC(O)=C(C(O)=O)C=C1O
2.4,O=C(C1=CC(O[Li])=C(C=C1O[Li])C(O[Li])=O)O[Li]
0.6,[Li]OC(C1=CC=C(C=C1)C2=CC=C(C=C2)C(O[Na])O[Li])O[Na]
0.6,OC(C1=CC=C(C=C1)C2=CC=C(C=C2)C(O[Na])O)O[Na]
0.6,O=C(C1=CC=C(C=C1)C2=CC=C(C=C2)C(O[Na])=O)O[Na]
0.95,[Li]OC(O[Na])/C=C/C1=CC=C(C2=CC=C(C=C2)/C=C/C(O[Li])O[Na])C=C1
0.95,OC(O[Na])/C=C/C1=CC=C(C2=CC=C(C=C2)/C=C/C(O)O[Na])C=C1
0.95,O=C(O[Na])/C=C/C1=CC=C(C2=CC=C(C=C2)/C=C/C(O[Na])=O)C=C1
1.66,[Li]OC1=C(O[Na])C=C(O[Li])C(O[Na])=C1
1.66,OC1=C(O[Na])C=C(O)C(O[Na])=C1
1.66,O=C1C=C(C(C=C1O[Na])=O)O[Na]
1.66,O=C1C=C(O)C(C=C1O)=O
1.35,O=C1C2=C(C=CC=C2O)C(C=C1)=O
1.35,OC1=CC=C(O)C2=C1C(O)=CC=C2
1.04,[Li]OC(O[Na])C1=CC=C(C=C1)/C=C/C2=CC=C(C(O[Li])O[Na])C=C2
1.04,OC(O[Na])C1=CC=C(C=C1)/C=C/C2=CC=C(C(O)O[Na])C=C2
1.04,O=C(O[Na])C1=CC=C(C=C1)/C=C/C2=CC=C(C(O[Na])=O)C=C2
1.58,O=C1N(C(O[Li])=C2C=C3C(C=C12)=C(N(C3=O)[Na])O[Li])[Na]
1.58,O=C1N(C(O)=C2C=C3C(C=C12)=C(N(C3=O)[Na])O)[Na]
1.58,O=C1N(C(C2=CC(C3=O)=C(C(N3[Na])=O)C=C12)=O)[Na]
1.08,O=C(O[Na])C1=CC=C(/C=N/C2=CC=C(C=C2)/N=C/C3=CC=C(C(O[Na])=O)C=C3)C=C1
1.21,O=C(O[Na])C1=CC=C(C=C1)N(/C=C2C=C/C(C=C\2)=C/N(C3=CC=C(C=C3)N(/C=C4C=C/C(C=C\4)=C/N(C5=CC=C(C(O[Na])=O)C=C5)[Li])[Li])[Li])[Li]
1.21,O=C(O[Na])C1=CC=C(C=C1)N/C=C2C=C/C(C=C\2)=C/NC3=CC=C(C=C3)N/C=C4C=C/C(C=C\4)=C/NC5=CC=C(C(O[Na])=O)C=C5
1.21,O=C(O[Na])C1=CC=C(C=C1)/N=C/C2=CC=C(C=C2)/C=N/C3=CC=C(C=C3)/N=C/C4=CC=C(/C=N/C5=CC=C(C(O[Na])=O)C=C5)C=C4
2.14,CCCN1C(C2=CC3=C(C(N(C)C3=O)=O)C=C2C1=O)=O
2.15,CN1C(C2=C(C1=O)C=C3C(N(C(C3=C2)=O)CCN(CCC)CCC)=O)=O
2.59,CC(CCOC(C1=CC(C(C2=C3C=CC=C2)=O)=C(C3=O)C=C1)=O)(C(OCC(COC(C(CCOC(C4=CC(C(C5=C6C=CC=C5)=O)=C(C6=O)C=C4)=O)(C)CCOC(C7=CC(C(C8=C9C=CC=C8)=O)=C(C9=O)C=C7)=O)=O)(N%10C(C%11C(C=C)CC(C%11C%10=O)C=C)=O)C)=O)CCOC(C%12=CC(C(C%13=C%14C=CC=C%13)=O)=C(C%14=O)C=C%12)=O
2.41,CC(CC)C1=CC2=C(C(C3=C(C2=O)SC=C3)=O)S1
2.31,N#C/N=C1C2=C(C(C3=CC=CC=C3\1)=O)C=C(C(C)CC)C=C2
2.5,OC(C(C(C)=C(C1=O)O)=O)=C1SC
2.05,CC1=C(O[Li])C(O[Li])=C(SC)C(O[Li])=C1O[Li]
2.05,CC1=C(O[Li])C(O)=C(SC)C(O[Li])=C1O
2.05,CC(C(C(O[Li])=C1SC)=O)=C(O[Li])C1=O
2.14,CC1=CC=CC2=C1C(C3=C(C(SC)=CC=C3)C2=O)=O
2.09,CC1=CC=CC2=C1C(C3=C(C(C)=CC=C3)C2=O)=O
2.14,O=C(C1=C(C(C)=CC=C1C)C2=O)C3=C2C=CC=C3
2.75,CC(C(C=C1SC)=O)=CC1=O
2.27,O=C(N1C2=CC=C(C(C(C=C(C)C=C3)=C3C4=O)=O)C4=C2)C5=CC6=C(C=C5C1=O)C(N(C)C6=O)=O
2.31,O=C1N(C(C2=CC=C(C(N3C)=O)C4=C2C1=CC=C4C3=O)=O)C5=CC=C(C6=C5)C(C7=C(C6=O)C=CC(C)=C7)=O
2.2,CC1=CC(O)=C(C=C1O)NC
2.7,O=C1C=CC(=O)C=C1
2.7,OC1=CC=C(O)C=C1
2.7,COC1=CC(=O)C(OC)=CC1=O
2.7,COC1=C(O)C=C(OC)C(O)=C1
2.8,O=C1C=CC(=O)C(C2=CC(=O)C=CC2=O)=C1
2.8,OC1=CC=C(C(C2=C(O)C=CC(O)=C2)=C1)O
2.77,O=C1C=CC(=O)C2=C1C=CC1=C2C(=O)C=CC1=O
2.6,CC1=CC(C=C(C1=O)CC2=CC(C=C(C2=O)CC3=CC(C=C(C3=O)CC4=CC(C=C(C4=O)CC)=O)=O)=O)=O
2.6,O=C(C(C)=CC1=O)C=C1CC(C(C=C2CC(C(C=C3CC(C(C=C4CC(C(C=C5CC)=O)=CC5=O)=O)=CC4=O)=O)=CC3=O)=O)=CC2=O
2.25,O=C1C(C)=C(C(C(SC)=C1O)=O)O
2,CC(C(O[Li])=C1O[Li])=C(O[Li])C(O[Li])=C1SC
2,OC1=C(O[Li])C(SC)=C(O)C(O[Li])=C1C
2,O=C1C(C)=C(O[Li])C(C(SC)=C1O[Li])=O
2.5,O=C1C(N2C(=O)C3=C(C=CC=C3)C2=O)=C(N2C(=O)C3=C(C=CC=C3)C2=O)C(=O)C(N2C(=O)C3=C(C=CC=C3)C2=O)=C1N1C(=O)C2=C(C=CC=C2)C1=O
2.4,[Li]OC1=CC(O[Li])=C(C2=CC=CC=C12)O[Li]
2.4,O=C1C=C(C(C2=CC=CC=C12)=O)O
2.4,OC1=CC(O[Li])=C(C2=CC=CC=C12)O
2.71,O=C1C2=C(C=NC=C2)C(=O)C2=C1C=NC=C2
2.71,OC1=C2C(C=NC=C2)=C(C3=C1C=NC=C3)O
2.1,CC1=CC=C(C)C2=C1C(=O)C1=C(C=CC=C1)C2=O
2.5,CC1=CC=C(SC)C2=C(O[Li])C3C(O[Li])=CC=C(O[Li])C3C(O[Li])=C12
2.5,CC1=CC=C(SC)C2=C(O)C3C(O[Li])=CC=C(O[Li])C3C(O)=C12
2.5,CC1=C2C(C3C(O[Li])=CC=C(O[Li])C3C(C2=C(SC)C=C1)=O)=O
2.4,CN/C=C1/C(=O)C(=CNC2=CC3=C(C=C2)C(=O)C2=C(C=CC(C)=C2)C3=O)C(=O)/C(=C/NC)C1=O
2.5,CC1=CC2=C(C(C3=C(C2=O)SC(C)=C3)=O)S1
2.8,N#CC(C#N)=C1C=CC(=C(C#N)C#N)C=C1
3.1,N#CC(C#N)=C1C=C(F)/C(=C(\F)C#N)C=C1F
3.15,N#CC(C#N)=C1C(F)=C(F)C(=C(C#N)C#N)C(F)=C1F
2.94,O=C1C(=O)C2=C(C=CC=N2)C2=C1N=CC=C2
2.74,O=C1C(=O)C2=C(N=CC=C2)C2=C1C=CC=N2
2.59,O=C1C(=O)C2=CC=CC3=C2C2=C(C=CC=C12)C(=O)C3=O
2.5,CC1=C2C=CNC2=C(C)C(C1=O)=O
0.65,[Li]OC(C1=CC=C(C=C1)C#CC2=CC=C(C=C2)C(O[Li])O[Li])O[Li]
0.65,OC(C1=CC=C(C=C1)C#CC2=CC=C(C=C2)C(O[Li])O)O[Li]
0.65,O=C(C1=CC=C(C=C1)C#CC2=CC=C(C=C2)C(O[Li])=O)O[Li]
2.1,O=C(C(O[Li])=C(C1=O)O[Li])C(O[Li])=C1O[Li]
2.1,OC1=C(C(C(O[Li])=C(C1=O)O[Li])=O)O
2.1,O=C1C(C(C(O[Li])=C(C1=O)O[Li])=O)=O
1.7,O=C1C(=O)C(=O)C(=O)C(=O)C1=O
2,C1=CC2=C(C=C1)N=C1C(=N2)C2=NC3=C(C=CC=C3)N=C2C2=NC3=C(C=CC=C3)N=C12
2.4,N#CC1=NC2=C(N=C1C#N)C1=C(N=C(C#N)C(C#N)=N1)C1=C2N=C(C#N)C(C#N)=N1
2.4,O=C(O)C1=CC=C(N2C(=O)C3=CC=C4C5=CC=C6C(=O)N(C7=CC=C(C(=O)O)C=C7)C(=O)C7=C6C5=C(C=C7)C5=CC=C(C2=O)C3=C45)C=C1
1.4,O=C(C1=CC=C(N(N(C2=CC=CC=C2)[Li])[Li])C=C1)O[Li]
1.4,O=C(C1=CC=C(NNC2=CC=CC=C2)C=C1)O[Li]
1.4,O=C(C1=CC=C(/N=N/C2=CC=CC=C2)C=C1)O[Li]
2.5,COC1=C(O[Li])C(O[Li])=C(OC)C(O[Li])=C1O[Li]
2.5,COC1=C(O)C(O[Li])=C(OC)C(O)=C1O[Li]
2.5,COC1=C(C(C(OC)=C(C1=O)O[Li])=O)O[Li]
2.6,O=C(O[Li])C1=CC(O)=C(C(O[Li])=O)C=C1O
2.6,O=C(C1=CC(C(C(O[Li])=O)=CC1=O)=O)O[Li]
2.6,O=C(C1=CC(O[Li])=C(C=C1O[Li])C(O[Li])=O)O[Li]
2.85,O=C(C1=CC=C(C(O)=C1O)C(O)=O)O
2.85,O=C(C1=CC=C(C(O)=C1O)C(O[Li])=O)O[Li]
2.85,O=C(C1=CC=C(C(C1=O)=O)C(O[Li])=O)O[Li]
2.85,O=C(C1=CC=C(C(O[Li])=C1O[Li])C(O[Li])=O)O[Li]
3.1,O=S(O)(C1=CC(O)=C(S(=O)(O)=O)C=C1O)=O
3.1,O=S(C1=CC(C(S(=O)(O[Li])=O)=CC1=O)=O)(O[Li])=O
3.1,O=S(O)(C1=CC(O)=C(S(=O)(O)=O)C=C1O)=O
3.1,O=S(C1=CC(O[Li])=C(S(=O)(O[Li])=O)C=C1O[Li])(O[Li])=O
3.25,O=C(O)CC1=CC(O)=C(C=C1O)CC(O)=O
3.25,O=C(O[Li])CC1=CC(C(CC(O[Li])=O)=CC1=O)=O
3.25,O=C(O[Li])CC1=CC(O)=C(C=C1O)CC(O[Li])=O
3.25,O=C(O[Li])CC1=CC(O[Li])=C(C=C1O[Li])CC(O[Li])=O
2.7,OC1=CC=C(O)C(C2=C3C=CC=CC3=C(C4=C(O)C=CC(O)=C4)C5=C2C=CC=C5)=C1
2.7,O=C1C=CC(C(C2=C3C=CC=CC3=C(C(C(C=C4)=O)=CC4=O)C5=C2C=CC=C5)=C1)=O
2.7,[Li]OC1=CC=C(O[Li])C(C2=C3C=CC=CC3=C(C4=C(O[Li])C=CC(O[Li])=C4)C5=C2C=CC=C5)=C1
2.7,OC1=CC=C(C=C1C2=CC(C3=C(C=CC(O)=C3)O)=CC=C2)O
2.7,O=C1C=CC(C=C1C2=CC(C(C(C=C3)=O)=CC3=O)=CC=C2)=O
2.7,[Li]OC1=CC=C(C=C1C2=CC(C3=C(C=CC(O[Li])=C3)O[Li])=CC=C2)O[Li]
2.5,OC1=CC=C(O)C=C1C2=CC=C(C=C2)C3=C(O)C=CC(O)=C3
2.5,O=C1C=CC(C=C1C2=CC=C(C=C2)C(C(C=C3)=O)=CC3=O)=O
2.5,[Li]OC1=CC=C(O[Li])C=C1C2=CC=C(C=C2)C3=C(O[Li])C=CC(O[Li])=C3
3,O=C1C=CC(C2=C1C(C=CC2=O)=O)=O
3,O=C1C=CC(C2=C1C(O)=CC=C2O)=O
3,O=C1C=CC(C2=C1C(O[Li])=CC=C2O[Li])=O
2.8,O=C1C2=C(SC3=C(S2)C(=O)C2=C(C3=O)C(O)=CC=C2O)C(=O)C2=C1C(O)=CC=C2O
2.8,O=C1C2=C(C(C3=C1C(C=CC3=O)=O)=O)SC4=C(C(C5=C(C(CCC5=O)=O)C4=O)=O)S2
2.8,O=C1C2=C(C(C3=C1C(O[Li])=CC=C3O[Li])=O)SC4=C(C(C5=C(C(O[Li])=CC=C5O[Li])C4=O)=O)S2
1.36,OC(C1=CC=C(C=C1)/N=N/C2=CC=CC=C2)=O
1.36,OC(C1=CC=C(NNC2=CC=CC=C2)C=C1)=O
1.36,O=C(C1=CC=C(N(N(C2=CC=CC=C2)[Li])[Li])C=C1)O[Li]
1.36,O=C(C1=CC=C(/N=N/C2=CC=CC=C2)C=C1)O[Li]
1.85,C1(/N=N/C2=CC=CC=C2)=CC=CC=C1
1,CC(C#N)(/N=N/C(C)(C#N)C)C
0.3,NC(/N=N/C(N)=O)=O
0.8,CC(C(N)=N)(/N=N/C(C)(C(N)=N)C)C
1.55,O=C(O)C1=CC=C(NNC2=CC=C(C=C2)C(O)=O)C=C1
1.55,O=C(C1=CC=C(C=C1)OOC2=CC=C(C(O[Li])=O)C=C2)O[Li]
1.55,O=C(O)C1=CC=C(/N=N/C2=CC=C(C=C2)C(O)=O)C=C1
1.55,O=C(O[Li])C1=CC=C(/N=N/C2=CC=C(C=C2)C(O[Li])=O)C=C1
1.6,CN(C1=CC=C(C=C1)NNC2=C(C=CC=C2)C(O)=O)C
1.6,CN(C)C1=CC=C(N(N(C2=C(C(O[Na])=O)C=CC=C2)[Li])[Li])C=C1
1.6,CN(C1=CC=C(C=C1)/N=N/C2=C(C=CC=C2)C(O)=O)C
1.6,CN(C)C1=CC=C(/N=N/C2=C(C(O[Na])=O)C=CC=C2)C=C1
1.75,O=C1N([Li])C(O[Li])=C2C1=CC(C3=C2)=C(O[Li])N([Li])C3=O
1.75,O=C1NC(O)=C2C1=CC(C3=C2)=C(O)NC3=O
1.75,O=C1N(C(C2=C1C=C(C(N(C3=O)[Li])=O)C3=C2)=O)[Li]
2.33,O=C1N([Li])C(O[Li])=C2C(C3=C4C=C2)=C1C=CC3=C(O[Li])N([Li])C4=O
2.33,O=C1NC(C2=C(C3=C4C=C2)C1=CC=C3C(NC4=O)=O)=O
2.33,O=C1NC(O)=C2C(C3=C4C=C2)=C1C=CC3=C(O)NC4=O
2.33,O=C1N(C(C2=C(C1=CC=C3C(N(C4=O)[Li])=O)C3=C4C=C2)=O)[Li]
2.3,O=C1N(C(O[Li])=C2C=CC3=C4C2=C1C=CC4=C(O[Li])N(C3=O)C(O[Na])=O)C(O[Na])=O
2.3,O=C1N(C(O)=C2C=CC3=C4C2=C1C=CC4=C(O)N(C3=O)C(O)=O)C(O)=O
2.3,O=C1N(C(C2=C(C1=CC=C3C(N(C4=O)C(O)=O)=O)C3=C4C=C2)=O)C(O)=O
2.3,O=C1N(C(C2=C(C1=CC=C3C(N(C4=O)C(O[Na])=O)=O)C3=C4C=C2)=O)C(O[Na])=O
2.25,O=C1N(S(O)=O)C(O)=C2C(C3=C4C=C2)=C1C=CC3=C(O)N(S(O)=O)C4=O
2.25,O=C1N(S(O)=O)C(C2=C(C3=C4C=C2)C1=CC=C3C(N(S(O)=O)C4=O)=O)=O
2.25,O=C1N(S(O[Na])=O)C(O[Li])=C2C(C3=C4C=C2)=C1C=CC3=C(O[Li])N(S(O[Na])=O)C4=O
2.25,O=C1N(S(O)=O)C(C2=C(C3=C4C=C2)C1=CC=C3C(N(S(O)=O)C4=O)=O)=O
2.25,O=C1N(S(O[Na])=O)C(C2=C(C3=C4C=C2)C1=CC=C3C(N(S(O[Na])=O)C4=O)=O)=O
2.13,O=C(O[Li])CN(C(O[Li])=C(C=C1)C2=C3C1=C4C=C5)C(O[Li])=C2C=CC3=C(C=CC6=C(O[Li])N7CC(O[Li])=O)C4=C6C5=C7O[Li]
2.13,OC(N(CC(O)=O)C(O)=C(C=C1)C2=C3C1=C4C=C5)=C2C=CC3=C(C=CC6=C(O)N7CC(O)=O)C4=C6C5=C7O
2.13,OC(N(CC(O[Li])=O)C(O)=C(C=C1)C2=C3C1=C4C=C5)=C2C=CC3=C(C=CC6=C(O)N7CC(O[Li])=O)C4=C6C5=C7O
2.13,O=C(N(C1=O)CC(O[Li])=O)C2=CC=C3C4=C2C1=CC=C4C(C=CC(C5=O)=C67)=C6C3=CC=C7C(N5CC(O[Li])=O)=O
2.7,CC(C)C1=CC=CC(C(C)C)=C1N1C(=O)C2=CC=C3C4=CC=C5C6=CC=C7C(=O)N(C8=C(C(C)C)C=CC=C8C(C)C)C(=O)C8=C7C6=C(C=C8)C6=C5C4=C(C=C6)C4=CC=C(C1=O)C2=C34
2.42,CC(C)C1=CC=CC(C(C)C)=C1N1C(=O)C2=CC=C3C4=CC=C5C(=O)N(C6=C(C(C)C)C=CC=C6C(C)C)C(=O)C6=C5C4=C(C=C6)C4=C3C2=C(C=C4)C1=O
2.82,CC(C)C1=CC=CC(C(C)C)=C1N1C(=O)C2=CC=C3C4=CC=C5C(=O)N(C6=C(C(C)C)C=CC=C6C(C)C)C(=O)C6=C5C4=C(C(C4=CC(C(C)(C)C)=C(O)C(C(C)(C)C)=C4)=C6)C4=C3C2=C(C=C4)C1=O
2.44,CC(C)C1=CC=CC(C(C)C)=C1N1C(=O)C2=CC3=C4C5=C(C=CC(=C25)C1=O)C1=C2C5=C(C=C1C1=CC(C(C)(C)C)=C(O)C(C(C)(C)C)=C1)C(=O)N(C1=C(C(C)C)C=CC=C1C(C)C)C(=O)C5=CC(=C42)C1=C3C(=O)N(C2=C(C(C)C)C=CC=C2C(C)C)C1=O
1.95,CC(C)C1=CC=CC(C(C)C)=C1N1C(=O)C2=CC=C3C4=CC=C5C(=O)N(C6=C(C(C)C)C=CC=C6C(C)C)C(=O)C6=C5C4=C4C(=C6)C5=C(C(=O)N(C6=C(C(C)C)C=CC=C6C(C)C)C5=O)C5=CC(=C2C3=C54)C1=O
3.7,O=C1C2=CC=C3C4=CC=C5C(N(C(C6=C5C4=C(C7=C3C2=C(C(N1C8=CC=C(C=C8)N(C9=CC=CC=C9)C%10=CC=CC=C%10)=O)C=C7)C=C6)=O)C%11=CC=C(C=C%11)N(C%12=CC=CC=C%12)C%13=CC=CC=C%13)=O
3.7,O=C(C1=CC=C2C(N(C3=CC=C(N(C4=CC=CC=C4)C5=CC=CC=C5)C=C3)C(C6=C2C1=C7C=C6)=O)=O)N(C8=CC=C(N(C9=CC=CC=C9)C%10=CC=CC=C%10)C=C8)C7=O
3.6,O=C(C1=C2C=C3C(C(N(C3=O)C4=CC=C(C=C4)N(C5=CC=CC=C5)C6=CC=CC=C6)=O)=C1)N(C2=O)C7=CC=C(C=C7)N(C8=CC=CC=C8)C9=CC=CC=C9
2.3,O=C(C1=CC(N(C)C)=C2C(N(CCCCCC)C(C3=C2C1=C4C(N(C)C)=C3)=O)=O)N(CCCCCC)C4=O
2.5,O=C(C1=CC=C2C(N(CCCCCC)C(C3=C2C1=C4C=C3)=O)=O)N(CCCCCC)C4=O
2.6,O=C(C1=CC(F)=C2C(N(CCCCCC)C(C3=C2C1=C4C(F)=C3)=O)=O)N(CCCCCC)C4=O
2.8,O=C(C1=CC(C#N)=C2C(N(CCCCCC)C(C3=C2C1=C4C(C#N)=C3)=O)=O)N(CCCCCC)C4=O
2.4,O=C(NC1=O)C2=CC(N(C)C)=C3C(NC(C4=C3C2=C1C(N(C)C)=C4)=O)=O
2.55,O=C(NC1=O)C2=CC=C3C(NC(C4=C3C2=C1C=C4)=O)=O
2.9,O=C(NC1=O)C2=CC(C#N)=C3C(NC(C4=C3C2=C1C(C#N)=C4)=O)=O
2.53,O=C1C(N2C(C3=C(C2=O)C=CC=C3)=O)=C(C(C(N(C(C4=C5C=CC=C4)=O)C5=O)=C1N6C(C7=C(C6=O)C=CC=C7)=O)=O)N8C(C9=C(C8=O)C=CC=C9)=O
2.18,O=C1C2=CC=C3C(=O)N(C4CCCCC4)C(=O)C4=C3C2=C(C=C4)C(=O)N1C1CCCCC1
2.38,O=C(C1=C2C3=CC=C(C([N@]4[C@@H]5[C@@H]([N@@]6C(C7=C8C(C(C9=O)=CC=C8C6=O)=C%10C=C7)=O)CCCC5)=O)C2=C(C4=O)C=C1)[N@@](C3=O)[C@@H]%11[C@@H]([N@](C%12=O)C(C%13=C%14C%12=CC=C%15C%14=C(C([N@]([C@H]%16CCCC[C@@H]%16[N@@]9C%10=O)C%15=O)=O)C=C%13)=O)CCCC%11
2.15,O=C(C1=C2C3=CC=C(C([N@]4[C@@H]5[C@@H]([N@@](C6=O)C(C7=C6C=C8C9=C7)=O)CCCC5)=O)C2=C(C4=O)C=C1)[N@@](C3=O)[C@@H]%10[C@@H]([N@](C%11=O)C(C%12=C%13C%11=CC=C%14C%13=C(C([N@]([C@H]%15CCCC[C@@H]%15[N@@](C8=O)C9=O)C%14=O)=O)C=C%12)=O)CCCC%10
2.33,O=C1[N@@](C(C2=CC3=C4C=C21)=O)[C@@H]5[C@@H]([N@](C(C6=CC7=C(C([N@]([C@H]8CCCC[C@@H]8[N@@]9C(C%10=CC(C([N@]%11[C@@H](CCCC%12)[C@H]%12[N@@](C4=O)C3=O)=O)=C(C%11=O)C=C%10C9=O)=O)C7=O)=O)C=C6%13)=O)C%13=O)CCCC5
3.1,O=S(/N=C(C=C/1)/C=CC1=N/S(C)(=O)=O)(C)=O
3.1,O=S(N([Li])C1=CC=C(N([Li])S(C)(=O)=O)C=C1)(C)=O
3.1,O=S(NC1=CC=C(NS(C)(=O)=O)C=C1)(C)=O
3.3,CS(/N=C1\C(C=CC=C1)=N\S(=O)(C)=O)(=O)=O
3.3,CS(NC1=C(C=CC=C1)NS(=O)(C)=O)(=O)=O
3.3,CS(N([Li])C1=C(C=CC=C1)N([Li])S(=O)(C)=O)(=O)=O
3.1,CS(/N=C1C(NS(=O)(C)=O)=C/C(C=C/1)=N/S(=O)(C)=O)(=O)=O
3.1,CS(/N=C1C(N([Li])S(=O)(C)=O)=C/C(C=C/1)=N/S(=O)(C)=O)(=O)=O
3.1,CS(NC1=C(NS(=O)(C)=O)C=C(C=C1)NS(=O)(C)=O)(=O)=O
3.1,CS(N([Li])C1=C(N([Li])S(=O)(C)=O)C=C(C=C1)N([Li])S(=O)(C)=O)(=O)=O
2.75,CS(=O)(N(C(/C(C=C/1N(S(=O)(C)=O)[Li])=N/S(=O)(C)=O)=CC1=N/S(=O)(C)=O)[Li])=O
2.75,CS(NC(/C(C=C/1NS(=O)(C)=O)=N/S(=O)(C)=O)=CC1=N/S(=O)(C)=O)(=O)=O
2.75,CS(NC1=C(NS(=O)(C)=O)C=C(C(NS(=O)(C)=O)=C1)NS(=O)(C)=O)(=O)=O
2.75,CS(N([Li])C1=C(C=C(N([Li])S(=O)(C)=O)C(N([Li])S(=O)(C)=O)=C1)N([Li])S(=O)(C)=O)(=O)=O
3.4,O=S(/N=C1C=C(/C(C=C/1Cl)=N\S(C)(=O)=O)Cl)(C)=O
3.4,O=S(NC1=CC(Cl)=C(C=C1Cl)NS(C)(=O)=O)(C)=O
3.4,O=S(N([Li])C1=CC(Cl)=C(C=C1Cl)N([Li])S(C)(=O)=O)(C)=O
3,O=S(/N=C1C=C(/C(C=C/1C)=N\S(C)(=O)=O)C)(C)=O
3,O=S(NC1=CC(C)=C(C=C1C)NS(C)(=O)=O)(C)=O
3,O=S(N([Li])C1=CC(C)=C(C=C1C)N([Li])S(C)(=O)=O)(C)=O
3.3,CS(/N=C1/C(C=C(Cl)C(Cl)=C1)=N/S(=O)(C)=O)(=O)=O
3.3,CS(NC1=C(NS(=O)(C)=O)C=C(C(Cl)=C1)Cl)(=O)=O
3.3,CS(N([Li])C1=C(N([Li])S(=O)(C)=O)C=C(C(Cl)=C1)Cl)(=O)=O
3.1,O=NC1=CC=C(N=O)C=C1
3.1,[Li]O/N=C1C=C/C(C=C/1)=N\O[Li]
3.1,O/N=C1C=C/C(C=C/1)=N\O
2.6,O=N/C(C1=CC=CC=C1)=C(N=O)/C2=CC=CC=C2
2.6,O=N1=C(C(C2=CC=CC=C2)=NO1)C3=CC=CC=C3
2.6,[Li]O/N=C(C1=CC=CC=C1)/C(C2=CC=CC=C2)=N/O[Li]
2.6,O/N=C(C1=CC=CC=C1)/C(C2=CC=CC=C2)=N/O
2.6,O=N/C(C)=C(N=O)\C
2.6,CC(/C(C)=N/O[Li])=N\O[Li]
2.6,O/N=C(/C(C)=N/O)C
2.6,O=NC1=C(N=O)C2=C(C=CC=C2)C3=C1C=CC=C3
2.6,[Li]O/N=C1C(C=CC=C2)=C2C(C=CC=C3)=C3C/1=N/O[Li]
2.6,O/N=C1C2=C(C3=C(C/1=N/O)C=CC=C3)C=CC=C2
3.2,COC(OC)(C(N=O)=C(N=O)C1(OC)OC)C(N=O)=C1N=O
3.2,COC(C(/C1=N\O[Li])=N/O[Li])(OC)C(/C(C1(OC)OC)=N\O[Li])=N/O[Li]
3.2,O/N=C(\C(C(OC)(C(/C1=N\O)=N/O)OC)=N/O)C1(OC)OC
1.27,O=C(O[Li])/C=N/C(C=C1)=CC=C1/N=C/C(O[Li])=O
1.27,OC(/C=N/C1=CC=C(C=C1)/N=C/C(O)=O)=O
0.85,O=C(C(C=C/1)C=CC1=C\N/C=C/N/C=C2C=CC(C(O)=O)C=C\2)O
0.85,O=C(C(C=C/1)C=CC1=C\N([Li])/C=C/N([Li])/C=C2C=CC(C(O[Li])=O)C=C\2)O[Li]
0.85,O=C(O[Li])C(C=C1)=CC=C1/C=N/CC/N=C/C(C=C2)=CC=C2C(O[Li])=O
0.85,OC(C1=CC=C(C=C1)/C=N/CC/N=C/C2=CC=C(C(O)=O)C=C2)=O
0.8,O=C(O[Li])C(C=C1)=CC=C1/C=N/N=C/C(C=C2)=CC=C2C(O[Li])=O
0.8,OC(C1=CC=C(/C=N/N=C/C2=CC=C(C=C2)C(O)=O)C=C1)=O
1.65,O=C1C2=C(C(C3=C(C=CC(/N=C/C4=CC=C(C)C=C4)=C13)/N=C/C5=CC=C(C)C=C5)=O)C=CC=C2
1.3,O=C(C1=C(C2=O)C=CC(C)=C1)C(C=C3)=C2C=C3/N=C/C(C=C4)=CC=C4/C=N/C
0.7,CC(C=C1)=CC=C1/N=C/C(C=C2)=CC=C2N(C3=CC=C(C=C3)/C=N/C4=CC=C(C)C=C4)C(C=C5)=CC=C5/C=N/C6=CC=C(C)C=C6
2.53,O=C1NC(C2=NC3=CC(C)=C(C)C=C3N(C[C@H](O)[C@H](O)[C@H](O)CO)C2=N1)=O
2.62,O=C1NC(C2=NC3=CC(C)=C(Br)C=C3N(C[C@H](O)[C@H](O)[C@H](O)CO)C2=N1)=O
2.67,O=C1NC(C2=NC3=CC(Cl)=C(Cl)C=C3N(C[C@H](O)[C@H](O)[C@H](O)CO)C2=N1)=O
2.43,O=C1NC(C2=NC3=CC(C)=C(C)C=C3N(C)C2=N1)=O
1.9,OC1NC(C2=NC3=CC(C)=C(C)C=C3N=C2N1)=O
1.9,OC1NC(C2=NC3=CC=CC=C3N=C2N1)=O
2.1,OC1NC(C2=NC=CN=C2N1)=O
1.11,C12=CC=CC=C1N=C3C(C=CC=C3)=N2
1.68,NC1=CC2=NC3=CC=CC=C3N=C2C=C1N
2.25,O=C(C(C=CC=N1)=C1C2=C3C=CC=N2)C3=O
2.17,O=C1C2=C(N=C(C=CC=C3)C3=N2)C4=C1N=C(C=CC=C5)C5=N4
2,C12=C(N=C(C=CC=C3)C3=N2)C4=C(N=C(C=CC=C5)C5=N4)C6=C1N=C(C=CC=C7)C7=N6
2.8,N#C/C(C#N)=C(C=C/1)/C=CC1=C(C#N)/C#N
1.7,N#CC1=CC=C(C#N)C=C1
1.73,N#CC1=C2C(C=CC=C2)=C(C#N)C3=C1C=CC=C3
1.8,C1=CC=C(/N=N/C2=CC=CC=C2)C=C1
1.57,O=C(C1=CC=C(/N=N/C2=CC=CC=C2)C=C1)O[Li]
1.6,NC1=CC=C(C=C1)/N=N/C2=C(C=CC=C2)C(O[Na])=O
1.58,O=C(O[Li])C(C=C1)=CC=C1/N=N/C(C=C2)=CC=C2C(O[Li])=O
1.45,CC(C#N)(/N=N/C(C)(C#N)C)C
1.3,CC(C)(N=NC(C)(C)C(=N)N)C(=N)N
0.95,NC(=O)/N=N/C(N)=O
2.4,O=C1OC(=O)C2=CC=C3C4=CC=C5C(=O)OC(=O)C6=CC=C(C7=CC=C1C2=C73)C4=C65
0.6,CC1=C2NC=CC2=C(C(O)=C1O)C3=C4NC=CC4=C(C)C(C3=O)=O
3.2,CC(CC)C1=CC=C(/C(C2=C(/C3=C4SC=CS\4)C=CC=C2)=C5SC=CS\5)C3=C1
3,N#C/C(C#N)=C1C=C/C(C=C\1)=C(C#N)\C#N
3.5,CC1=CC=C(C=C1)N2C3=CC=CC=C3N(C)C4=CC=CC=C42
2.3,O=C1C2=C(C=CC=C2)C(=O)C2=C1C=CC=C2
2.1,O=C1C2=CC3=C(C=C2C(=O)C2=C1C=CC=C2)C(=O)C1=C(C=CC=C1)C3=O
2.1,OC(C1=CC2=C(O)C3=C4C=CC=C3)=C(C=CC=C5)C5=C(O)C1=CC2=C4O
2.2,O=C1NC(=O)C2=NC3=CC=CC=C3N=C2N1
2.5,CC1=C(C)C=C2C(=C1)N=C1C(=O)NC(=O)N=C1N2C
2.5,O=C1C2=C(C(C3=C1SC(C)=C3)=O)SC(C)=C2
2.3,O=C1C2=C(C(N1C3=C(C(C(N4C(C5=C(C4=O)C=CC=C5)=O)=C(C3=O)N6C(C7=C(C6=O)C=CC=C7)=O)=O)N8C(C9=CC=CC=C9C8=O)=O)=O)C=CC=C2
2.5,O=C1C(C)=C(C)C(C(SC)=C1SC)=O
2.6,O=C1C=C(C)C(C=C1SC)=O
2.1,O=C1C2=CC=CC(NC3=CC=CC4=C3C(=O)C3=C(C=CC=C3)C4=O)=C2C(=O)C2=C1C=CC=C2
2.1,OC1=C(C=CC=C2)C2=C(O)C3=C(NC4=CC=CC5=C4C(O)=C6C(C=CC=C6)=C5O)C=CC=C13
2.2,O=C1C2=CC=CC=C2C(=O)C2=C1SC1=C(S2)C(=O)C2=C(C=CC=C2)C1=O
2.2,OC1=C(SC2=C(O)C(C=CC=C3)=C3C(O)=C2S4)C4=C(O)C5=CC=CC=C15
2.2,CC1=CC=CC2=C1C(C3=C(C(SC)=CC=C3)C2=O)=O
2.1,CSSSC
2,C1=CC=C(SSSSSSC2=CC=CC=C2)C=C1
1.87,C1=CC=C2N=C3C=CC=CC3=NC2=C1
1,O=C(/C=C/C(O)=O)O
2.5,NC1=C(N)C(=O)C2=C(NC3=C(N2)C(=O)C(N)=C(N)C3=O)C1=O
2.3,O=C1C2=CC=CC=C2C(=O)C2=C3NC4=CC=C5C(=O)C6=C(C=CC=C6)C(=O)C5=C4NC3=CC=C12
2.3,OC1=C2C=CC=CC2=C(C3=C4NC5=CC=C6C(O)=C7C(C=CC=C7)=C(C6=C5NC4=CC=C13)O)O
2.3,O=C1C2=CC=CC=C2C(=O)C2=C3N=C4C=CC5=C(C(=O)C6=C(C=CC=C6)C5=O)C4=NC3=CC=C12
2.3,OC1=C2C=CC=CC2=C(C3=C4N=C5C=CC6=C(O)C(C=CC=C7)=C7C(O)=C6C5=NC4=CC=C13)O
2.6,O=C1C2=C(OC=C2)C(=O)C2=C1OC=C2
2.5,O=C1C2=C(SC=C2)C(=O)C2=C1SC=C2
2.7,O=C1C2=C(C=NC=C2)C(=O)C2=C1C=NC=C2
0.9,O=C(O)C1CCC(C(=O)O)CC1
0.9,O=C(O)C1CCC(C(O)=O)CC1
0.9,O=C(C1CCC(CC1)C(O[Na])=O)O[Na]
2.7,O=N(C1=CC=C(C=C1)N(=O)=O)=O
2.6,O=N(C1=CC=CC=C1N(=O)=O)=O
2.4,O=N(C1=CC=CC(N(=O)=O)=C1)=O
2.3,O=C(N(C(C(N1C2=CC=CC=C2)=O)=O)C3=CC=CC=C3)C1=O
1.8,OC1=C(C=C2C(OC3=C4C(C(OC1=C24)=O)=CC(O)=C3O)=O)O
2.5,O=C1OC(=O)C2=CC3=C(C=C12)C(=O)OC3=O
2.5,O=C1OC(=O)C2=C3C1=CC=C1C(=O)OC(=O)C(=C13)C=C2
3,O=C1NC(N(C(N1Cl)=O)Cl)=O
2.4,O=C1C(N(C(C(N1C2=CC=CC=C2)=O)=O)C3=CC=CC=C3)=O
2.5,C=CCN1C(C(N(C(C1=O)=O)CC=C)=O)=O
2.5,CCCN1C(C(N(C(C1=O)=O)CCC)=O)=O
2.2,O=C1C2=C(N/C1=C3NC4=C(C/3=O)C=C(C=C4)S(=O)(O[Na])=O)C=CC(S(O[Na])(=O)=O)=C2
1.8,CCOC(C1=C(C2=CC3=C(C(O[Li])=C(C3=O)C(OCC)=O)C=C2C1=O)O[Li])=O
1.8,CCOC(C1=C(C2=CC3=C(C(O)=C(C3=O)C(OCC)=O)C=C2C1=O)O)=O
1.75,O=C1N(C(C2=CC(C3=O)=C(C(N3[Li])=O)C=C12)=O)[Li]
2.3,O=C1N(C(C2=C3C1=CC=C(C3=C(C=C2)C4=O)C(N4[Li])=O)=O)[Li]
1.49,O=C(O[Li])/C=C/C=C/C=C/C(O[Li])=O
1.49,O=C(/C=C/C=C/C=C/C(O)=O)O
1.49,O/C(O)=C\C=C\C=C\C=C(O)\O
1.49,O=C(/C=C/C=C/C=C/C=C/C(O[Li])=O)O[Li]
1.49,OC(/C=C/C=C/C=C/C=C/C(O)=O)=O
1.49,O/C(O)=C/C=C/C=C/C=C/C=C(O)\O
1.15,O=C(C1=CC=C(C=N1)C(O[Li])=O)O[Li]
1.15,OC(C1=CC=C(C=N1)C(O)=O)=O
1.15,O/C(O)=C1C=C/C(C=N\1)=C(O)/O
1.2,O=C(C1=CN=C(C=N1)C(O[Li])=O)O[Li]
1.2,O=C(C1=CN=C(C=N1)C(O)=O)O
1.2,O/C(O)=C1C=N/C(C=N\1)=C(O)/O
1.7,OC1=C(C=C2C(OC3=C4C(C(OC1=C24)=O)=CC(O)=C3O)=O)O
2.9,O=C(C1=C(C(C2=C(C(C3=C(C2=O)C=C4C(C5=C(C(C6=C(C5=O)C(C7=C(C6=O)C=CC=C7)=O)=O)C(C4=C3)=O)=O)=O)C1=O)=O)C8=O)C9=C8C=CC=C9
2.9,O=C(C1=C(C2=C3C=CC=C2)C=CC=C1)C3=O
2.9,OC1=C(O)C(C=CC=C2)=C2C3=C1C=CC=C3
2.5,O=C(C1=CC(C(C2=C(C3=O)C=CC=C2)=O)=C3C=C14)C(C=CC=C5)=C5C4=O
2.5,OC1=C2C=CC=CC2=C(O)C3=CC4=C(O)C(C=CC=C5)=C5C(O)=C4C=C13
3,O=C(C1=C(C2=C3N=CC=C2)C=CC=N1)C3=O
2.3,O=C1C2=C(C=CC=C2)C(C3=C1C=CC=C3)=O
2.3,OC1=C2C(C=CC=C2)=C(O)C3=C1C=CC=C3
2.6,O=C1C2=C(C(C3=C1C=CC=C3)=S)C=CC=C2
3,O=C1C2=C(C(C3=C1N=CC=N3)=O)N=CC=N2
3,OC1=C2C(N=CC=N2)=C(O)C3=C1N=CC=N3
2.8,O=C1C=C(OC)C(C=C1OC)=O
2.8,OC1=C(OC)C=C(O)C(OC)=C1
2.6,O=C1C=C(OCCC)C(C=C1OCCC)=O
2.6,OC1=C(OCCC)C=C(O)C(OCCC)=C1
2.95,O=C1C(C(F)(F)F)=CC(C(C(F)(F)F)=C1)=O
2.5,O=C1C(OC)=C(O[Li])C(C(OC)=C1O[Li])=O
2.5,O=C1C(OC)=C(C(C(OC)=C1O)=O)O
2.5,OC1=C(C(O)=C(O)C(OC)=C1O)OC
3.3,O=C1C(C#N)=C(C#N)C(C(Cl)=C1Cl)=O
3.3,OC1=C(C(C#N)=C(O)C(Cl)=C1Cl)C#N
3.2,O=C1N(C(N(C(N1Cl)=O)Cl)=O)Cl
2.7,O=C1C2=C(C=NC=C2)C(=O)C2=C1C=NC=C2
2.7,OC1=C2C(C=NC=C2)=C(C3=C1C=NC=C3)O
2.94,[Li]OC1=C(O[Li])C2=C(C=CC=N2)C3=C1N=CC=C3
2.94,OC1=C(C2=C(C3=C1N=CC=C3)C=CC=N2)O
2.94,O=C1C(N=CC=C2)=C2C(C=CC=N3)=C3C1=O
2.73,O=C1C(O[Li])=C2C(N=CC=C2)=C3C1=CC=CN3[Li]
3.11,O=C1C=CC(C(C=CC2=C3)=C1)=C2C=CC3=O
3.11,OC1C=CC2=C3C=CC(O)C=C3C=CC2=C1
3.11,[Li]OC1C=CC2=C3C=CC(O[Li])C=C3C=CC2=C1
2.66,O=C1C=C2C3=C(C4=CC(C=C5C4=C2C(C6=C5C(C=CC6=O)=O)=C1)=O)C(C=CC3=O)=O
2.66,OC1=CC(C2=C(O)C=CC(O)=C23)=C4C5=C3C=C(O)C=C5C(C(O)=CC=C6O)=C6C4=C1
3.06,O=C1C(C=C2C(C=CC3=CC(C(C=C32)=O)=O)=C1)=O
3.06,OC1=C(O)C=C2C3=CC(O)=C(O)C=C3C=CC2=C1
3.1,O=C1C=C2C3=CC(C(C=C3C4=CC(C(C=C4C2=CC1=O)=O)=O)=O)=O
3.1,OC1=C(O)C=C2C3=CC(O)=C(O)C=C3C4=CC(O)=C(O)C=C4C2=C1
3.14,O=C1C=C2C3=CC=CC(C4=CC(C(C=C4C5=CC=C6)=O)=O)=C3C5=C6C2=CC1=O
3.14,OC1=C(O)C=C2C3=C4C5=C(C6=CC(O)=C(O)C=C6C4=CC=C3)C=CC=C5C2=C1
3.08,O=C1C=C2C3=CC(C(C=C3C4=C(C2=CC1=O)C=C5C6=CC(C(C=C6C7=CC(C(C=C7C5=C4)=O)=O)=O)=O)=O)=O
3.08,OC1=C(O)C=C2C(C=C3C4=CC(O)=C(O)C=C4C5=CC(O)=C(O)C=C5C3=C6)=C6C7=CC(O)=C(O)C=C7C2=C1
2.5,CC1=CC2=C(C=C1C)N(C[C@H](O)[C@H](O)[C@H](O)CO)C1=NC(=O)NC(=O)C1=N2
2.6,CC1=CC2=C(N(C3=NC(NC(C3=N2)=O)=O)C[C@@H]([C@@H]([C@@H](CO)O)O)O)C=C1Br
2.67,ClC1=CC2=C(N(C3=NC(NC(C3=N2)=O)=O)C[C@@H]([C@@H]([C@@H](CO)O)O)O)C=C1Cl
2.2,CN1C(C2=CC=C3C4=CC=C5C6=C(C(N(C5=O)C)=O)C=CC(C7=C3C2=C(C1=O)C=C7)=C46)=O
2.2,CN1C(O)=C2C=CC3=C4C=CC5=C(O)N(C)C(O)=C(C=C6)C5=C4C6=C7C3=C2C(C=C7)=C1O
2.39,CN1C(C2=CC=C3C4=C(Br)C=C5C6=C(C(N(C5=O)C)=O)C=CC(C7=C3C2=C(C1=O)C=C7)=C46)=O
2.39,CN1C(O)=C2C=CC3=C4C(Br)=CC5=C(O)N(C)C(O)=C(C=C6)C5=C4C6=C7C3=C2C(C=C7)=C1O
2.43,CN1C(C2=CC=C3C4=C(Br)C=C5C6=C(C(N(C5=O)C)=O)C=CC(C7=C3C2=C(C1=O)C=C7Br)=C46)=O
2.43,CN1C(O)=C2C=CC3=C4C(Br)=CC5=C(O)N(C)C(O)=C(C=C6)C5=C4C6=C7C3=C2C(C=C7Br)=C1O
2.58,CN1C(C2=CC(Br)=C3C4=C(Br)C=C5C6=C(C(N(C5=O)C)=O)C=CC(C7=C3C2=C(C1=O)C=C7Br)=C46)=O
2.58,CN1C(O)=C2C=C(Br)C3=C4C(Br)=CC5=C(O)N(C)C(O)=C(C=C6)C5=C4C6=C7C3=C2C(C=C7Br)=C1O
2.59,CN1C(C2=CC(Br)=C3C4=C(Br)C=C5C6=C(C(N(C5=O)C)=O)C=C(Br)C(C7=C3C2=C(C1=O)C=C7Br)=C46)=O
2.59,CN1C(O)=C2C=C(Br)C3=C4C(Br)=CC5=C(O)N(C)C(O)=C(C=C6Br)C5=C4C6=C7C3=C2C(C=C7Br)=C1O
2.7,CN1C(C2=CC=C3C4=C(C#N)C=C5C6=C(C(N(C5=O)C)=O)C=CC(C7=C3C2=C(C1=O)C=C7C#N)=C46)=O
2.7,CN1C(O)=C2C=CC3=C4C(C#N)=CC5=C(O)N(C)C(O)=C(C=C6)C5=C4C6=C7C3=C2C(C=C7C#N)=C1O
2.9,N#CC(C#N)=C1C=CC(C(C#N)C#N)C=C1
2.9,N#C/C(C#N)=C1C(C)=CC(C(C)=C/1)C(C#N)C#N
3.1,N#C/C(C#N)=C1C(F)=CC(C(F)=C/1)C(C#N)C#N
3.2,N#C/C(C#N)=C1C(F)=C(F)C(C(F)=C/1F)C(C#N)C#N
2.61,O=C1C(=O)C2=C(C=CC=C2)C2=C1C=CC=C2
2.68,O=C1C(C2=C(C3=C1SC=C3)C=CS2)=O
2.52,O=C1C2=C(C(C3=C1C=CS3)=O)C=CS2
2.48,O=C1C2=C(C(C3=C1C=CO3)=O)C=CO2
2.71,O=C1C2=C(C(C3=CC=NC=C31)=O)C=NC=C2
1.6,C1=CC=C2N=C3C=CC=CC3=NC2=C1
1.68,NC1=CC2=NC3=CC=CC=C3N=C2C=C1N
1.9,C12=NC(C=CC=C3)=C3N=C1C4=NC5=C(N=C4C6=NC7=C(N=C26)C=CC=C7)C=CC=C5
2.4,N#CC(N=C1C(C2=NC(C#N)=C(N=C2C3=NC(C#N)=C(N=C13)C#N)C#N)=N4)=C4C#N
0.65,O=C(C1=CC=C(C=C1)C#CC2=CC=C(C=C2)C(O)=O)O
0.65,O=C(O[Li])C1=CC=C(C#CC2=CC=C(C(O[Li])=O)C=C2)C=C1
1,O=C(C1=CC=C(S1)C(O[Li])=O)O[Li]
1.2,O=C(C1=CC=C(N=C1)C(O[Na])=O)O[Na]
1.5,O=C(C1=NC=C(N=C1)C(O[Na])=O)O[Na]
0.75,O=C(C1=C(N)C=C(C(N)=C1)C(O[Li])=O)O[Li]
0.81,O=C(C1=C(OC)C=C(C(OC)=C1)C(O[Li])=O)O[Li]
0.8,O=C(C1=C(O[Li])C=C(C(O[Li])=C1)C(O[Li])=O)O[Li]
0.65,O=C(C1=C(C)C=C(C(C)=C1)C(O[Li])=O)O[Li]
1.08,O=C(C1=C(Br)C=C(C(Br)=C1)C(O[Li])=O)O[Li]
2,O=C1C(N2C(C3=C(C2=O)C=CC=C3)=O)=C(C(C(N4C(C5=C(C4=O)C=CC=C5)=O)=C1N6C(C7=C(C6=O)C=CC=C7)=O)=O)N8C(C9=C(C8=O)C=CC=C9)=O
3.3,N#CC1=C(C(C(Cl)=C(C1=O)Cl)=O)C#N
2.5,O=C1C(C(C(O[Li])=C(C1=O)O[Li])=O)=O
2.5,O=C1C(C(C(O)=C(C1=O)O)=O)=O
1.6,O=C1C(C(C(C(C1=O)=O)=O)=O)=O
1.6,OC1=C(O)C(O)=C(O)C(O)=C1O
1.6,[Li]OC1=C(O[Li])C(O[Li])=C(O[Li])C(O[Li])=C1O[Li]
3.13,O=S(OCC)/C(S(OCC)=O)=C(C=C/1)\C=CC1=C(S(OCC)=O)\S(OCC)=O
1.7,O=C(O[Li])C(C1=NSN=C21)=CC=C2C(O[Li])=O
1.7,O=C(O)C(C1=NSN=C21)=CC=C2C(O)=O
2,O=C1C2=C(C(C3=C1N=C4C=CC=CC4=N3)=O)N=C5C=CC=CC5=N2
2,OC1=C(N=C2C=CC=CC2=N3)C3=C(O)C4=C1N=C5C=CC=CC5=N4
2.2,O=C1C2=C(C(C3=C1C=CC4=NC5=C(N=C43)C=CC6=C5C(C7=C(C6=O)C=CC=C7)=O)=O)C=CC=C2
2.1,O=C1C2=NC3=C(N=C2C(C4=NC5=C(N=C14)C6=C(C=CC=C6)C(C5=O)=O)=O)C7=C(C=CC=C7)C(C3=O)=O
2.1,OC1=C2N=C3C(C4=C(C=CC=C4)C(O)=C3O)=NC2=C(O)C5=NC6=C(N=C15)C7=C(C=CC=C7)C(O)=C6O
1.9,O=C1C2=NC3=C(C4=C(C5=C3N=C6C(C7=C(C(C6=N5)=O)C=CC=C7)=O)N=C8C(C9=C(C(C8=N4)=O)C=CC=C9)=O)N=C2C(C%10=C1C=CC=C%10)=O
2.3,O=C1C2=CC=CC=C2N/C1=C3NC4=C(C/3=O)C=CC=C4
2.3,OC1=C(C2=C(O)C(C=CC=C3)=C3N2)NC4=CC=CC=C14
2,CN(C(SSC(N(C)C)=S)=S)C
2.2,O=C1C(C=C(C=C2)S(=O)(O[Na])=O)=C2N/C1=C(C3=O)/NC(C=C4)=C3C=C4S(=O)(O[Na])=O
2.2,O=C1C(C=C(C=C2)S(=O)(O)=O)=C2N/C1=C(C3=O)/NC(C=C4)=C3C=C4S(=O)(O)=O
2.4,O=C1C2=C(N=C3C=C(O)C(O)=CC3=N2)C(=O)C2=C1N=C1C=C(O)C(O)=CC1=N2
2.5,NC1=C(C(C2=NC3=C(C(C(N)=C(C3=O)N)=O)N=C2C1=O)=O)N
2.5,NC1=C(O)C2=NC3=C(O)C(N)=C(N)C(O)=C3N=C2C(O)=C1N
2.2,NC1=C(C(C2=C(C1=O)C=CC=C2)=O)N
2.2,NC1=C(O)C(C=CC=C2)=C2C(O)=C1N
1.7,NC1=CC2=NC3=CC=CC=C3N=C2C=C1N
2.5,O=C1C=C(C(C2=C1C=CC=C2)=O)NC3=CC=C(C=C3)NC4=CC(C5=C(C4=O)C=CC=C5)=O
2.5,OC1=CC(NC2=CC=C(NC3=C(O)C(C=CC=C4)=C4C(O)=C3)C=C2)=C(O)C5=C1C=CC=C5
2.6,O=C1C=C(C(C2=C1C=CC=C2)=O)SC3=CC=C(C=C3)SC4=CC(C5=C(C4=O)C=CC=C5)=O
2.6,OC1=CC(SC2=CC=C(SC3=C(O)C(C=CC=C4)=C4C(O)=C3)C=C2)=C(O)C5=C1C=CC=C5
1.9,O=C1C2=CC=C(C=C2C(C3=C1C=CC=C3)=O)N/C=C4C(/C(C(/C(C\4=O)=C\NC5=CC6=C(C(C7=C(C6=O)C=CC=C7)=O)C=C5)=O)=C/NC8=CC9=C(C(C%10=C(C9=O)C=CC=C%10)=O)C=C8)=O
1.5,N#CC1=C2C=CC=CC2=C(C3=CC=CC=C31)C#N
2.7,CC1=C(C2=C(N1)C=CC=C2)C3=C(NC4=C3C=CC=C4)C
3.2,CNC1=CC=C(C=C1)NC2=CC=C(C=C2)NC3=CC=C(C=C3)NC
3.6,CC(S1)=CC=C1C(S2)=CC=C2C(S3)=CC=C3C4=CC=C(C)S4
3,CC1=CC=C(C)N1
3.7,CC1=CC=C(C)S1
2.2,CC1=C2C(SCCS2)=C(C)S1
0.6,CC1=C(CCCCCC)C(CCCCCC)=C(S1)C
2.6,CSC1=C(C(C(C)=C(C1=O)C)=O)SC
2.1,CSSC1=CC=C(C=C1)SSC
2.05,CSC1=CC=C(C=C1)SC2=CC=C(CC2)SC
3.8,CC1=CC=C(C=C1)N(C2=CC=C(C)C=C2)C3=CC=C(C)C=C3
3.8,CC1=CC=C(N(C2=CC=C(N(C3=CC=C(C=C3)C)C4=CC=C(C=C4)C)C=C2)C5=CC=C(C=C5)C)C=C1
3.97,CC(C=C1)CC=C1NC(C=C2)=CC=C2C3=CC=C(NC4=CC=C(C)C=C4)C=C3
3.7,CC(CC)N1C2=CC=CC=C2C3=C1C=CC=C3
4,N1(C2=CC=CC=C2)C3=CC=CC=C3C4=C1C=CC=C4
4.1,C12=CC=CC=C1N(C3=CC=C(C=C3)N4C5=CC=CC=C5C6=C4C=CC=C6)C7=C2C=CC=C7
4.1,C12=CC=CC=C1C3=C(N2C4=CC5=C(C=C(C=C5)N6C7=CC=CC=C7C8=C6C=CC=C8)C=C4)C=CC=C3
4.3,CC(C=C1)=CC=C1N2C3=CC=CC=C3C(C=C45)=C2C=C4C6=CC=CC=C6N5C7=CC=C(OC)C=C7
3.7,CN1C2=CC=CC=C2C3=C1C=CC=C3
3.7,CN1C2=CC=CC=C2N(C)C3=C1C=CC=C3
4.1,CN1C2=CC=CC=C2SC3=C1C=CC=C3
4.1,C12=CC=CC=C1SC(C=CC=C3)=C3S2
4.2,CN1C2=CC=CC=C2OC3=C1C=CC=C3
4.2,C12=CC=CC=C1OC(C=CC=C3)=C3O2
2,C[N+]1=CC=C(C=C1)C2=CC=C(C=C2)C3=CC=[N+](C=C3)C
2.2,O=C(C[N+]1=CC=C(C=C1)C2=CC=C(C=C2)C3=CC=[N+](C=C3)CC(O[Li])=O)O[Li]
2.5,CC[N+]1=CC=C(C2=CC=[N+](C=C2)CC)C=C1
4,C1=CC2=C3C4=C(C=CC5=C4C4=C(C=CC6=CC=C1C3=C64)C=C5)C=C2
3.3,C1=CSC(=C2SC=CS2)S1
3.2,C1(/SC=CS1)=C2SC3=C(S/C(S3)=C4SC=CS\4)S\2
3.3,C1=CSC(=C2SC3=C(S2)SC(=C2SC4=C(SC(=C5SC=CS5)S4)S2)S3)S1
3.2,CCC(C1=CC2=C(/C(C3=CC=CC=C3/C2=C4SC=CS\4)=C5SC=CS\5)C=C1)C
3.38,O=C1C(C(C1[N+]2CCCC2)=O)[N+]3CCCC3
3.9,CCC(C)(C(NC1=CC2=C(/C(C3=C(/C2=C(C#N)\C#N)C=CC=C3)=C(C#N)\C#N)C=C1)=O)C
3.5,COC1=CC2=C(C3=C(C4=C2C=C(C(OC)=C4)OC)C=C(C(OC)=C3)OC)C=C1OC
3.5,CC(CC)C1=CC2=C(N(C3=C(S2)C=CC=C3)C)C=C1
3.2,O=C(O[Li])C(C=C1NC2=CC=CC=C2)=C(NC3=CC=CC=C3)C=C1C(O[Li])=O
3.6,C=CC1C(C(OC2CC(C)(C)N([O])C(C)(C)C2)=O)C(C(OC3CC(C)(C)N([O])C(C)(C)C3)=O)C(C=C)C1
3.65,CCC(COCC1=CC(C)(C)N([O])C1(C)C)OC
3.65,CC1(C)C=C(C(CC)OC)C(C)(C)N1[O]
3.6,CCC(C1=CC=C(C2=[N+]([O-])C(C)(C)C(C)(C)N2[O])C=C1)C
3.6,O=C(OC1CC(C)(C)N([O])C(C)(C)C1)C(CC)(C)C
3.6,CC(N([O])C(C)(C)C1)(C)CC1OCC(OC)CC
3.6,CC(OC1CC(C)(C)N([O])C(C)(C)C1)CC
2.9,O=C(C(C(C)(C)C)=C/1)C(C(C)(C)C)=CC1=C(C2=CC=C(C(C)CC)C=C2)\C3=CC(C(C)(C)C)=C([O])C(C(C)(C)C)=C3
2.1,CC(CC)C1=CC=C(N(C(C)(C)C)[O])C(C(F)(F)F)=C1
2.2,C/C(C1=CC=C(N(C(C(C)(C)C)=O)[O])C=C1)=C/C
3.08,O=C1C=CC=CC1=O
3.08,OC1=C(O)C=CC=C1
3.08,[Li]OC1=C(O[Li])C=CC=C1
2.55,O=C(C=C1)C=CC1=O
2.55,OC1=CC=C(O)C=C1
2.55,[Li]OC1=CC=C(O[Li])C=C1
3.34,O=C(C=C(C=CC=C1)C1=C2)C2=O
3.34,OC1=CC2=CC=CC=C2C=C1O
3.34,[Li]OC1=CC2=CC=CC=C2C=C1O[Li]
2.88,O=C1C=CC=C2C(C=CC=C21)=O
2.88,OC1=CC=CC2=C(O)C=CC=C21
2.88,[Li]OC1=CC=CC2=C(O[Li])C=CC=C21
2.83,O=C(C1=CC=CC=C1C=C2)C2=O
2.83,OC1=C(O)C=CC2=CC=CC=C21
2.83,[Li]OC1=C(O[Li])C=CC2=CC=CC=C21
2.82,O=C1C=CC(C2=C1)=CC=CC2=O
2.82,OC1=CC2=C(O)C=CC=C2C=C1
2.82,[Li]OC1=CC2=C(O[Li])C=CC=C2C=C1
2.76,O=C1C=CC2=CC(C=CC2=C1)=O
2.76,OC1=CC2=CC=C(O)C=C2C=C1
2.76,[Li]OC1=CC2=CC=C(O[Li])C=C2C=C1
2.33,O=C1C=CC(C2=C1C=CC=C2)=O
2.33,OC1=CC=C(O)C2=CC=CC=C21
2.33,[Li]OC1=CC=C(O[Li])C2=CC=CC=C21
3.47,O=C1C(C=C2C=C3C=CC=CC3=CC2=C1)=O
3.47,OC1=CC2=CC3=CC=CC=C3C=C2C=C1O
3.47,[Li]OC1=CC2=CC3=CC=CC=C3C=C2C=C1O[Li]
2.88,O=C1C=CC=C2C=C3C(C=CC=C3C=C21)=O
2.88,OC1=CC=CC2=CC3=C(O)C=CC=C3C=C21
2.88,[Li]OC1=CC=CC2=CC3=C(O[Li])C=CC=C3C=C21
2.86,O=C1C=CC2=CC(C3=CC2=C1)=CC=CC3=O
2.86,OC1=CC2=CC3=C(O)C=CC=C3C=C2C=C1
2.86,[Li]OC1=CC2=CC3=C(O[Li])C=CC=C3C=C2C=C1
2.83,O=C1C=CC2=CC3=CC(C=CC3=CC2=C1)=O
2.83,OC1=CC2=CC3=CC=C(O)C=C3C=C2C=C1
2.83,[Li]OC1=CC2=CC3=CC=C(O[Li])C=C3C=C2C=C1
2.73,O=C(C1=O)C=CC2=C1C=C3C(C=CC=C3)=C2
2.73,OC1=C(O)C2=CC3=CC=CC=C3C=C2C=C1
2.73,[Li]OC1=C(O[Li])C2=CC3=CC=CC=C3C=C2C=C1
2.59,O=C1C=CC=C(C1=C2)C(C3=C2C=CC=C3)=O
2.59,OC1=CC=CC2=C(O)C3=CC=CC=C3C=C21
2.59,[Li]OC1=CC=CC2=C(O[Li])C3=CC=CC=C3C=C21
2.54,O=C1C=CC(C2=C1)=CC3=CC=CC=C3C2=O
2.54,OC1=CC2=C(O)C3=CC=CC=C3C=C2C=C1
2.54,[Li]OC1=CC2=C(O[Li])C3=CC=CC=C3C=C2C=C1
2.27,O=C1C=CC(C2=C1C=C3C(C=CC=C3)=C2)=O
2.27,OC1=CC=C(O)C2=CC3=CC=CC=C3C=C21
2.27,[Li]OC1=CC=C(O[Li])C2=CC3=CC=CC=C3C=C21
2.08,O=C1C2=CC=CC=C2C(C3=CC=CC=C31)=O
2.08,OC1=C2C(C=CC=C2)=C(O)C3=CC=CC=C31
2.08,[Li]OC1=C2C(C=CC=C2)=C(O[Li])C3=CC=CC=C31
2.74,O=C1C2=CC=CC=C2C3=CC=CC=C3C1=O
2.74,OC1=C(O)C2=CC=CC=C2C3=C1C=CC=C3
2.74,[Li]OC1=C(O[Li])C2=CC=CC=C2C3=C1C=CC=C3
2.91,O=C(C(C=C1)=O)C2=C1C=CC3=C2C=CC=C3
2.91,OC1=C(O)C=CC2=C1C3=CC=CC=C3C=C2
2.91,[Li]OC1=C(O[Li])C=CC2=C1C3=CC=CC=C3C=C2
2.39,O=C(C=CC1=O)C2=C1C=CC3=C2C=CC=C3
2.39,OC1=CC=C(O)C2=C1C3=CC=CC=C3C=C2
2.39,[Li]OC1=CC=C(O[Li])C2=C1C3=CC=CC=C3C=C2
3.2,O=C1C(F)=C(F)C(C(F)=C1F)=O
3,O=C1C(Br)=C(Br)C(C(Br)=C1Br)=O
2.9,O=C1C(C=CC=C2)=C2C(C=C1S(=O)(O[Na])=O)=O
2.8,O=C1C=C(C)C(C=C1C)=O
2.9,O=C1C(C=CC=C2)=C2C(C(N)=C1N)=O
2,CSSSC
2.2,CC1=C(C2SCCS2)C=C(C)C(C3SCCS3)=C1
0.6,O=C1C2=NC3=CC(C)=C(C)C=C3N=C2C(NC)=C1NC
3,O=S(C1=CC(C)=CC=C1NC(C=C2)=CC=C2NC)(O[Na])=O
2,CC1=CC=CC2=C1C(C3=CC=CC(SC)=C3C2=O)=O
2,C=C1C(=N)N=C2N=C(C)C(C)=C3SSC1=C23
2.7,O=C(C1=CC=C2C(N(C(C3=CC=C(C1=C23)C4=O)=O)C)=O)N4CCC
3,C/C=C(C1=CC2=C(/C(C3=CC=CC=C3/C2=C4SC=CS\4)=C5SC=CS\5)C=C1)/C
2.45,O=C(C(C)=CC1=O)C=C1NC
2.1,O=C(C(O[Li])=C(C)C1=O)C(SC)=C1O[Li]
2.1,O=C(C(SC)=C1O)C(O)=C(C1=O)C
2,O=C(C(O[Li])=C(Cl)C1=O)C(Cl)=C1O[Li]
2,OC1=C(Cl)C(C(O)=C(Cl)C1=O)=O
2.6,O=C(C(SC)=C1)C=C(C1=O)C
2.6,O=C(C(SC)=C1SC)C(C)=C(C1=O)C
2.72,O=C(C(SC)=C1SC)C(Cl)=C(C1=O)SC
2.4,CC1=CC=C(C2=C1C(C3=C(C2=O)C(C=CC3=O)=O)=O)SC
2.4,CC1=CC=C(C2=C1C(O[Li])=C3C(C(O[Li])=CC=C3O[Li])=C2O[Li])SC
2.4,CC1=CC=C(C2=C1C(O)=C3C(C(O)=CC=C3O)=C2O)SC
2.6,O=C(C1=CC=C2C3=CC=C4C(N(C(C5=C4C3=C(C6=C2C1=C(C7=O)C=C6)C=C5)=O)C8=CC=C(C=C8)C(O)=O)=O)N7C(C=C9)=CC=C9C(O)=O
2.4,O=C(C1=CC=C(C=C1)N2C(C3=CC=C4C(N(C(C5=C4C3=C(C2=O)C=C5)=O)C6=CC=C(C=C6)C(O)=O)=O)=O)O
2.3,O=C(N(C(C1=CC=C2C(N3C4=C(C(C)C)C=CC=C4C(C)C)=O)=O)C5=C(C(C)C)C=CC=C5C(C)C)C(C=C6)=C1C2=C6C3=O
2.3,O=C(N1C)C2=CC=C3C4=CC=C5C(N(C)C(C6=C5C4=C(C=C6)C7=C3C2=C(C=C7)C1=O)=O)=O
2.5,O=C(N1C)C2=CC=C3C4=CC=C5C(N(C)C(C6=C5C4=C(C=C6)C7=C3C2=C(C=C7Br)C1=O)=O)=O
2.57,O=C(N1C)C2=CC=C3C4=C(Br)C=C5C(N(C)C(C6=C5C4=C(C=C6)C7=C3C2=C(C=C7Br)C1=O)=O)=O
2.6,O=C(N1C)C2=CC=C3C4=C(Br)C=C5C(N(C)C(C6=C5C4=C(C(Br)=C6)C7=C3C2=C(C=C7Br)C1=O)=O)=O
2.6,O=C(N1C)C2=CC(Br)=C3C4=C(Br)C=C5C(N(C)C(C6=C5C4=C(C(Br)=C6)C7=C3C2=C(C=C7Br)C1=O)=O)=O
2.91,O=C(N1C)C2=CC=C3C4=C(C#N)C=C5C(N(C)C(C6=C5C4=C(C=C6)C7=C3C2=C(C=C7C#N)C1=O)=O)=O
2.3,O=C(N1C)C2=CC3=C4C5=C(SS3)C=C6C(N(C)C(C7=C6C5=C8C9=C4C2=C(C=C9SSC8=C7)C1=O)=O)=O
3.5,CC1=CC=C(C=C1)N2C3=C(N(C)C4=C2C=CC=C4)C=CC=C3
3.25,FC1=CC=C(C=C1)N2C3=CC=CC=C3N(C4=CC=CC=C42)C5=CC=CC=C5
3.27,FC1=CC(N2C3=CC=CC=C3N(C4=CC=CC=C42)C5=CC=CC=C5)=CC=C1
3.31,FC1=CC=CC=C1N2C3=CC=CC=C3N(C4=CC=CC=C42)C5=CC=CC=C5
3.35,FC1=C(C2=CC=C1)N(C3=CC=CC=C3)C4=CC=CC=C4N2C5=CC=CC=C5
3.29,FC1=CC=C(N(C2=CC=CC=C2N3C4=CC=CC=C4)C5=CC=CC=C5)C3=C1
3.25,C=CC1=CC=C(N2C3=CC=CC=C3N(C4=CC=CC=C4)C5=CC=CC=C52)C=C1
3.25,C=CC1=CC(N2C3=CC=CC=C3N(C4=CC=CC=C4)C5=CC=CC=C52)=CC=C1
3.24,C=CC1=CC=CC=C1N2C3=CC=CC=C3N(C4=CC=CC=C4)C5=CC=CC=C52
3.45,C=CC1=C(C2=CC=C1)N(C3=CC=CC=C3)C4=CC=CC=C4N2C5=CC=CC=C5
3.28,C=CC1=CC=C(N(C2=CC=CC=C2N3C4=CC=CC=C4)C5=CC=CC=C5)C3=C1
3.29,O=CC1=CC=C(C=C1)N2C3=CC=CC=C3N(C4=CC=CC=C42)C5=CC=CC=C5
3.27,O=CC1=CC(N2C3=CC=CC=C3N(C4=CC=CC=C4)C5=CC=CC=C52)=CC=C1
3.3,O=CC1=CC=CC=C1N2C3=CC=CC=C3N(C4=CC=CC=C4)C5=CC=CC=C52
3.48,O=CC1=C(C2=CC=C1)N(C3=CC=CC=C3)C4=CC=CC=C4N2C5=CC=CC=C5
3.44,O=CC1=CC=C(N(C2=CC=CC=C2N3C4=CC=CC=C4)C5=CC=CC=C5)C3=C1
3.26,ClC1=CC=C(N2C3=CC=CC=C3N(C4=CC=CC=C4)C5=CC=CC=C52)C=C1
3.28,ClC1=CC(N2C3=CC=CC=C3N(C4=CC=CC=C4)C5=CC=CC=C52)=CC=C1
3.3,ClC1=CC=CC=C1N2C3=CC=CC=C3N(C4=CC=CC=C4)C5=CC=CC=C52
3.36,ClC1=C(N(C2=CC=CC=C2N3C4=CC=CC=C4)C5=CC=CC=C5)C3=CC=C1
3.32,ClC1=CC=C(C2=C1)N(C3=CC=CC=C3)C4=CC=CC=C4N2C5=CC=CC=C5
3.26,O=C(C1=CC=C(N2C3=CC=CC=C3N(C4=CC=CC=C4)C5=CC=CC=C52)C=C1)OC
3.3,O=C(C1=CC(N2C3=CC=CC=C3N(C4=CC=CC=C4)C5=CC=CC=C52)=CC=C1)OC
3.25,O=C(C1=CC=CC=C1N2C3=CC=CC=C3N(C4=CC=CC=C4)C5=CC=CC=C52)OC
3.44,O=C(C1=C(N(C2=CC=CC=C2N3C4=CC=CC=C4)C5=CC=CC=C5)C3=CC=C1)OC
3.39,O=C(C1=CC=C(C2=C1)N(C3=CC=CC=C3)C4=CC=CC=C4N2C5=CC=CC=C5)OC
3.28,O=P(C1=CC=C(N2C3=CC=CC=C3N(C4=CC=CC=C4)C5=CC=CC=C52)C=C1)(O)O
3.3,O=P(C1=CC(N2C3=CC=CC=C3N(C4=CC=CC=C4)C5=CC=CC=C52)=CC=C1)(O)O
3.32,O=P(C1=CC=CC=C1N2C3=CC=CC=C3N(C4=CC=CC=C4)C5=CC=CC=C52)(O)O
3.5,O=P(C1=C(N(C2=CC=CC=C2N3C4=CC=CC=C4)C5=CC=CC=C5)C3=CC=C1)(O)O
3.38,O=P(C1=CC=C(C2=C1)N(C3=CC=CC=C3)C4=CC=CC=C4N2C5=CC=CC=C5)(O)O
3.28,N#CC1=CC=C(N2C3=CC=CC=C3N(C4=CC=CC=C4)C5=CC=CC=C52)C=C1
3.29,N#CC1=CC(N2C3=CC=CC=C3N(C4=CC=CC=C4)C5=CC=CC=C52)=CC=C1
3.35,N#CC1=CC=CC=C1N2C3=CC=CC=C3N(C4=CC=CC=C4)C5=CC=CC=C52
3.48,N#CC1=C(N(C2=CC=CC=C2N3C4=CC=CC=C4)C5=CC=CC=C5)C3=CC=C1
3.48,N#CC1=CC=C(C2=C1)N(C3=CC=CC=C3)C4=CC=CC=C4N2C5=CC=CC=C5
3.98,OC1=CC=C(N2C3=CC=CC=C3N(C4=CC=CC=C4)C5=CC=CC=C52)C=C1
3.96,OC1=CC(N2C3=CC=CC=C3N(C4=CC=CC=C4)C5=CC=CC=C52)=CC=C1
3.98,OC1=CC=CC=C1N2C3=CC=CC=C3N(C4=CC=CC=C4)C5=CC=CC=C52
3.96,OC1=C(N(C2=CC=CC=C2N3C4=CC=CC=C4)C5=CC=CC=C5)C3=CC=C1
3.87,OC1=CC=C(C2=C1)N(C3=CC=CC=C3)C4=CC=CC=C4N2C5=CC=CC=C5
3.96,CC1=CC=C(N2C3=CC=CC=C3N(C4=CC=CC=C4)C5=CC=CC=C52)C=C1
3.96,CC1=CC(N2C3=CC=CC=C3N(C4=CC=CC=C4)C5=CC=CC=C52)=CC=C1
3.97,CC1=CC=CC=C1N2C3=CC=CC=C3N(C4=CC=CC=C4)C5=CC=CC=C52
3.91,CC1=C(N(C2=CC=CC=C2N3C4=CC=CC=C4)C5=CC=CC=C5)C3=CC=C1
3.89,CC1=CC=C(C2=C1)N(C3=CC=CC=C3)C4=CC=CC=C4N2C5=CC=CC=C5
3.96,SC1=CC=C(N2C3=CC=CC=C3N(C4=CC=CC=C4)C5=CC=CC=C52)C=C1
3.96,SC1=CC(N2C3=CC=CC=C3N(C4=CC=CC=C4)C5=CC=CC=C52)=CC=C1
4.5,SC1=CC=CC=C1N2C3=CC=CC=C3N(C4=CC=CC=C4)C5=CC=CC=C52
4.1,SC1=C(N(C2=CC=CC=C2N3C4=CC=CC=C4)C5=CC=CC=C5)C3=CC=C1
3.93,SC1=CC=C(C2=C1)N(C3=CC=CC=C3)C4=CC=CC=C4N2C5=CC=CC=C5
3.91,COC1=CC=C(N2C3=CC=CC=C3N(C4=CC=CC=C4)C5=CC=CC=C52)C=C1
3.98,COC1=CC(N2C3=CC=CC=C3N(C4=CC=CC=C4)C5=CC=CC=C52)=CC=C1
3.97,COC1=CC=CC=C1N2C3=CC=CC=C3N(C4=CC=CC=C4)C5=CC=CC=C52
3.92,COC1=C(N(C2=CC=CC=C2N3C4=CC=CC=C4)C5=CC=CC=C5)C3=CC=C1
3.87,COC1=CC=C(C2=C1)N(C3=CC=CC=C3)C4=CC=CC=C4N2C5=CC=CC=C5
2.15,COC1=CC=C(C=C1)C2=NN=C(N=N2)C3=CC=C(OC)C=C3
2.3,CC(C)(C)C1=CC=C(C=C1)C2=NN=C(N=N2)C3=CC=C(C(C)(C)C)C=C3
2.25,C1=CC=C(C2=NN=C(C3=CC=CC=C3)N=N2)C=C1
2.3,FC1=CC=C(C=C1)C2=NN=C(N=N2)C3=CC=C(F)C=C3
2.35,FC(C1=CC=C(C=C1)C2=NN=C(N=N2)C3=CC=C(C(F)(F)F)C=C3)(F)F
3.1,O=S(C1=CC(O[Li])=C(S(=O)(O)=O)C=C1O[Li])(O)=O
3.1,OC1=C(S(=O)(O)=O)C=C(O)C(S(=O)(O)=O)=C1
3.2,C1(N2C3=C(C=CC=C3)N(C4=C2C=CC=C4)C5=CC=CC(N6C7=C(N(C8=C6C=CC=C8)C9=CC=CC=C9)C=CC=C7)=C5)=CC=CC=C1
3.1,C1(N2C3=C(N(C4=CC=C(N5C6=C(C=CC=C6)N(C7=CC=CC=C7)C8=C5C=CC=C8)C=C4)C9=C2C=CC=C9)C=CC=C3)=CC=CC=C1
3.7,COC1=CC=C(C=C1)N2C3=CC4=C(N(C5=C4C=CC=C5)C6=CC=C(C)C=C6)C=C3C7=C2C=CC=C7
3.5,O=C(C1=CC=C(C=C1)N2C3=CC=CC=C3SC4=C2C=CC=C4)O[Li]
2.3,CC(C1=CC2=C(/C(C3=CC=CC=C3/C2=C(C#N)/C#N)=C(C#N)\C#N)C=C1)CC
3.57,CCC(C)C1=CC=C2C(=C1)SC1=C(C=CC=C1)N2C1=C(C)C=CC=C1
3.34,CN(C1=CC=C2N(C)C3=CC=C(C=C3SC2=C1)Br)C4=CC=C(C=C4)N(C)C
3.7,O=C(C1=CC=C(C=C1)N2C3=CC=CC=C3SC4=C2C=CC=C4)O[Li]
3.7,O=C(C1=CC=C(C=C1)N2C3=CC=CC=C3SC4=C2C=CC=C4)O
3.5,CC1=CC2=C(N(C)C3=CC=C(C)C=C3S2)C=C1
3.63,CC#CC1=CC(C#CC)=CC(C#CC2=CC3=C(N(C)C4=CC=C(C)C=C4S3)C=C2)=C1
3.7,C1=CC=C2C(=C1)OC1=C(C=CC=C1)N2C1=CC(N2C3=CC=CC=C3OC3=C2C=CC=C3)=CC(N2C3=CC=CC=C3OC3=C2C=CC=C3)=C1
3.57,CC(CC)C1=CC=CC=C1CN2C3=CC=CC=C3OC4=C2C=CC=C4
3.57,CC(CC)C1=CC=CC(CN2C3=CC=CC=C3OC4=C2C=CC=C4)=C1
3.57,CC(CC)C1=CC=C(CN2C3=CC=CC=C3OC4=C2C=CC=C4)C=C1
3.57,CC(CC)C1=CC(CN2C3=CC=CC=C3OC4=C2C=CC=C4)=CC=C1
3.57,CC(CC)C1=C(CN2C3=CC=CC=C3OC4=C2C=CC=C4)C=CC=C1
4.1,O=C(C1CC(C=C)CC1C=C)OCC2=CC3=C(C=C2)SC4=CC=CC=C4S3
0.85,CC1=CC=C(/N=C/C2=CC=C(C=C2)/C=N/C)C=C1
0.72,CC1=C(C)C=C(/N=C/C2=CC=C(C=C2)/C=N/C)C(C)=C1
0.74,CC1=C(C)C=C(/N=C/C2=C(OC)C=C(C(OC)=C2)/C=N/C)C(C)=C1
0.61,CC1=C(C)C(C)=C(/N=C/C2=CC=C(C=C2)/C=N/C)C(C)=C1C
3.3,CC(C(OC1CC(N(C(C)(C1)C)[O])(C)C)=O)(C)CC
3.5,CC(N(C(C)(C1)C)[O])(C)CC1OCC(CC)OC
3.2,CC(OC1CC(N(C(C)(C1)C)[O])(C)C)CC
3.6,C/C=C(C)\CN1C(C)(N(C2(CC(C)(C)N([O])C(C2)(C)C)C1=O)[O])C
3.66,CC1(C)N([O])C(C=C1COCC(OC)CC)(C)C
3.7,CC1(C)N([O])C(C=C1C(COC)C)(C)C
2.2,O=C(O[Li])C1=CC=C(N(=O)=O)C=C1
2.2,OC(C1=CC=C(N(=O)=O)C=C1)=O
3.6,O=C(OC1CC(C)(C)N([O])C(C)(C)C1)CC2=C(C)SC(C)=C2
3.6,O=C(C1CC(C)(C)N([O])C1(C)C)O[C@@H](C)/C(C)=C\C
3.29,CC1(C(C)(N(C(C2=CC=C(C3C(CC(C3)C=C)C=C)C=C2)=N1=O)[O])C)C
3.6,O=C(C(C)(CC(C)(C(OCC)=O)C)Br)OC1CC(C)(N(C(C)(C1)C)[O])C
3.2,CC(N([O])C(C)(C)C1)(C)CC1OCCCN2C(C=C(C)S3)=C3C4=C2C=C(C)S4
3.75,CC1(C)C=C(C(OCC2C(C(C=C)CC2C=C)COC(C3=CC(C)(C)N([O])C3(C)C)=O)=O)C(C)(C)N1[O]
3.62,[O]N(C(C)(C)C)C1=CC=C(OP(C)(OC2=CC=C(N(C(C)(C)C)[O])C=C2)=NC)C=C1
3.38,C12=C(/C(C3=C(/C2=C4SC5=C(S/C(S5)=C6SC=CS/6)S\4)C=CC=C3)=C7SC8=C(S/C(S8)=C9SC=CS/9)S/7)C=CC=C1
2.3,CC1=C(C)C(C(C)=C(C)C1=O)=O
2.3,CC1=C(O)C(C)=C(C)C(O)=C1C
2.3,CC1=C(C(C)=C(C(O[Li])=C1C)C)O[Li]
2.4,NC1=C(N)C(C(N)=C(N)C1=O)=O
2.4,NC1=C(O)C(N)=C(N)C(O)=C1N
2.4,NC1=C(C(N)=C(C(O[Li])=C1N)N)O[Li]
2.3,NC1=CC(C(N)=CC1=O)=O
2.3,NC1=C(O)C=C(N)C(O)=C1
2.3,NC1=CC(O[Li])=C(N)C=C1O[Li]
3.2,O=C1N(C(N(C(N1Cl)=O)Cl)=O)Cl
2.7,O=C1C2=C(N=C3C=C(O)C(O)=CC3=N2)C(=O)C2=C1N=C1C=C(O)C(O)=CC1=N2
3.2,CCS(=O)(C(S(=O)(CC)=O)([Li])C1=CC=C(C=C1)C(S(=O)(CC)=O)([Li])S(=O)(CC)=O)=O
3.2,CCS(=O)(C(S(=O)(CC)=O)C1=CC=C(C=C1)C(S(=O)(CC)=O)S(=O)(CC)=O)=O
3.2,CCS(=O)(/C(S(=O)(CC)=O)=C1C=C/C(C=C\1)=C(S(=O)(CC)=O)/S(=O)(CC)=O)=O
2.4,C1=NC=NC=N1
3.68,CC(SC(C1=CC(CCCCCC)=C(S1)C2=CC3=C(C=C2)N(C4=CC=C(OCC(CC)CC)C=C4)C5=CC=C(C)C=C5S3)=C6)=C6CCCCCC
3.7,CC1=CC=C2C(SC3=C(C=CC(C4=CC(C5(CCCCCC)CCCCCC)=C(C6=C5C=C(C)C=C6)C=C4)=C3)N2C7=CC=C(C=C7)OCC(CC)CC)=C1
3.59,CC(C=C1S2)=CC=C1N(C3=CC=C(OCC(CC)CC)C=C3)C(C=C4)=C2C=C4C(S5)=C(CCCCCC)C=C5CCC6=CC(CCCCCC)=C(S6)C
3.5,CC1=CC=C(C2=CC=C(S2)C3=CC4=C(C=C3)N(C)C5=CC=C(C)C=C5S4)S1
3.45,CC1=CC=C(C2=CC=C(S2)C3=CC4=C(C=C3)N(C5=CC=C(OC)C=C5)C6=CC=C(C)C=C6S4)S1
3.55,CC1=C(C)C=C(S1)C2=CC(C)=C(C3=CC4=C(N(C5=CC=C(C=C5S4)C)C6=CC=C(C=C6)OC)C=C3)S2
3.5,CCC(C)C1=CC=C2N(C)C3=C(C=C(C)C=C3)SC2=C1
3.35,O=C1C2=CC(C)=CC=C2C(C3C(C4=C(C(C13)=O)C5CCC4C5)=O)=O
3.35,O=C1C2=CC(C)=CC=C2C(C3=C1C(O)=C4C(C5)CCC5C4=C3O)=O
3.35,O=C1C2=CC(C)=CC=C2C(C3=C1C(O[Li])=C4C(C5)CCC5C4=C3O[Li])=O
2.8,[H]C1=C(C(C2=C(/C(C2=O)=C3N=C(C([H])=C/3[H])C4=C(C(C4=O)=C)O)O)=NC1=C)[H]
2.8,[H]C1=C(/C(NC1=C)=C2C(/C(C/2=O)=C3N/C(C([H])=C/3[H])=C4C(C(C/4=O)=C)=O)=O)[H]
2.8,[H]C1=C([H])/C(NC1=C)=C2C(O)=C(C/2=O)C3NC(C([H])=C3[H])C4=C(C(C4=O)=C)O
2.8,[H]C1=C(/C(NC1=C)=C2C(O[Li])=C(C3=C([H])C([H])=C(C4=C(O[Li])C(C4=O)=C)N3)C/2=O)[H]
2.8,[H]C1=C(/C(NC1=C)=C2C(O)=C(C3=C([H])C([H])=C(C4=C(O)C(C4=O)=C)N3)C/2=O)[H]
2.5,[H]C(C1=C)=C(/C(N1[Li])=C2C(O)=C(C3=C([H])C([H])=C(C4=C(O)C(C4=O)=C)N3[Li])C/2=O)[H]
2.6,O=C1C=CC(C2=C1C3C4=C(C2C5=C3C(C=CC5=O)=O)C(C=CC4=O)=O)=O
0.7,CC1=C2NC=CC2=C(C(O)=C1O)C3=C4NC=CC4=C(C)C(C3=O)=O
3.6,CC1(CC(CC(C)(N1[O])C)OCC2=CN(N=N2)C3CC(C)(N(C(C)(C3)C)[O])C)C
1.5,S=C(S[Li])C1=CC=C(C(S[Li])=S)C=C1
1.5,SC(C1=CC=C(C(S)=S)C=C1)=S
1.1,O=C(S[Li])C1=CC=C(C(S[Li])=O)C=C1
1.1,SC(C1=CC=C(C(S)=O)C=C1)=O
1.3,[Li]SC(C(C=C1)=CC=C1C2=CC=C(C(S[Li])=S)C=C2)=S
1.3,SC(C1=CC=C(C2=CC=C(C=C2)C(S)=S)C=C1)=S
2,S=C(SSSSSSC(=S)N1CCCCC1)N1CCCCC1
2,SC(N1CCCCC1)=S
2,S=C(N1CCCCC1)S[Li]
2.3,[Li]SC1=C(C=CC=C1)S[Li]
2.3,SC1=C(C=CC=C1)S
2.3,C1=CC=C2SSC3=C(C=CC=C3)SSC2=C1
2.4,C1(SSSSSSSSC2=CC=CC=N2)=NC=CC=C1
2.4,C1(SSSSSSSC2=CC=CC=N2)=NC=CC=C1
2.4,C1(SSSSSSC2=CC=CC=N2)=NC=CC=C1
2.4,C1(SSSSSC2=CC=CC=N2)=NC=CC=C1
2.4,C1(SSSSC2=CC=CC=N2)=NC=CC=C1
2.4,C1(SSSC2=CC=CC=N2)=NC=CC=C1
2.4,C1(SSC2=CC=CC=N2)=NC=CC=C1
1.5,N#CC(C(C#N)C#N)C#N
2.2,O=C1C2=CC=CC=C2C(=O)C(C2=C(O)C(=O)C3=C(C=CC=C3)C2=O)=C1O
3,O=C1C2=C(SN=N2)C(=O)C2=C1SN=N2
3,OC1=C2C(SN=N2)=C(C3=C1SN=N3)O
2.7,O=C1C2=NSN=C2C(=O)C2=NSN=C12
2.4,O=C1C2=C(C(C3=C1[N-]SS3)=O)S[S+]=C2
2.4,OC1=C([N-]SS2)C2=C(O)C3=C1C=[S+]S3
2.15,[Li]SC1=CC=CC(S[Li])=C1
2.3,[Li]SC1=CC=CC=C1S[Li]
2.3,S=C1C(C=CC=C1)=S
2.1,[Li]SC(C=C1)=CC=C1S[Li]
2.1,S=C(C=C1)C=CC1=S
2.9,C1=CC=C(P(SSSSP(C2=CC=CC=C2)C2=CC=CC=C2)C2=CC=CC=C2)C=C1
2.2,O=C1C2=C(SC3=C(SSC3=S)S2)C(=O)C2=C1SC1=C(SSC1=S)S2
2.22,C1(SSSSC2=CC=CC=C2)=CC=CC=C1
2.18,COC1=CC=C(C=C1)SSSSC2=CC=C(C=C2)OC
2.3,FC(F)(C1=CC=C(C=C1)SSSSC2=CC=C(C=C2)C(F)(F)F)F
2,CSC1=CC2=C(OCN(C2)C3=CC=CC=C3)C=C1
2.6,CC(OC(SSSSSSC(OC(C)C)=S)=S)C
4.05,O=C(OCC1=CC=C2SC3=C(SC2=C1)C=CC=C3)C4C(C=C)CC(C=C)C4
4,O=C(C1C(CC(C1C(OCC2=CC=C3SC4=C(C=CC=C4)SC3=C2)=O)C=C)C=C)OCC5=CC=C6SC7=C(C=CC=C7)SC6=C5
3.95,C=CC1CC(C=C)CC1C2=CC=C3SC(C=CC=C4)=C4SC3=C2
3.8,C1=CC=C(N2C3=CC4=C(C=C3C3=C2C=CC=C3)N(C2=CC=CC=C2)C2=C4C=CC=C2)C=C1
3.6,C1=CC=C(N2C3=C(C=CC=C3)SC3=C2C=CC=C3)C=C1
3.6,C1(N2C3=C(SC4=C2C=CC=C4)C=CC=C3)=CC=CC(N5C6=C(SC7=C5C=CC=C7)C=CC=C6)=C1
3.65,C1(N2C3=C(C=CC=C3)SC4=C2C=CC=C4)=CC(N5C6=C(C=CC=C6)SC7=C5C=CC=C7)=CC(N8C9=C(C=CC=C9)SC%10=C8C=CC=C%10)=C1
3.5,C1(N2C3=C(OC4=C2C=CC=C4)C=CC=C3)=CC=CC=C1
3.6,C1(N2C3=C(OC4=C2C=CC=C4)C=CC=C3)=CC(N5C6=C(OC7=C5C=CC=C7)C=CC=C6)=CC=C1
3.7,C1(N2C3=C(OC4=C2C=CC=C4)C=CC=C3)=CC(N5C6=C(OC7=C5C=CC=C7)C=CC=C6)=CC(N8C9=C(OC%10=C8C=CC=C%10)C=CC=C9)=C1
4,BrC1=C2OC3=C(OC2=C(C4=C1OC5=CC=CC=C5O4)Br)C=CC=C3
3.64,O=C1C2=C(C(C3=C1N=C(C4=CC=C(C=C4)N(C5=CC=CC=C5)C6=CC=CC=C6)N3)=O)N=C(N2)C7=CC=C(C=C7)N(C8=CC=CC=C8)C9=CC=CC=C9
1,O=C(C1=CC=C(C=C1)/C2=C3C=C/C(N\3)=C(C4=N/C(C=C4)=C(C5=CC=C(/C(C6=CC=C(C=C6)C(O)=O)=C7C=CC2=N/7)N5)/C8=CC=C(C=C8)C(O)=O)\C9=CC=C(C=C9)C(O)=O)O
2.7,[Li]O/N=C1C=C/C(C=C/1)=N\O[Li]
2.7,O/N=C1C=C/C(C=C/1)=N\O
0.8,O=C1C(O[Li])=C(C1=O)O[Li]
0.8,O=C1C(O)=C(C1=O)O
0.8,OC1=C(O)C(O[Li])=C1O[Li]
0.8,[Li]OC1=C(O[Li])C(O[Li])=C1O[Li]
0.8,OC1=C(O)C(O)=C1O
1.7,O=C1C(C(C(O[Li])=C1O[Li])=O)=O
1.7,O=C1C(C(C(O)=C1O)=O)=O
1.7,OC1=C(O[Li])C(O[Li])=C(O)C1=O
1.7,O=C1C(O[Li])=C(C(O[Li])=C1O[Li])O[Li]
1.7,OC1=C(O)C(O)=C(O)C1=O
2.2,O=C1C(C(C(O[Li])=C(C1=O)O[Li])=O)=O
2.2,O=C1C(C(C(O)=C(C1=O)O)=O)=O
2.2,OC1=C(O)C(O[Li])=C(O[Li])C(O)=C1O
2.2,OC1=C(O)C(O)=C(O)C(O)=C1O
2.2,[Li]OC1=C(O[Li])C(O[Li])=C(O[Li])C(O[Li])=C1O[Li]
2.5,CN1C=NC2=C1C(N(C(N2C)=O)C)=O
2.4,CN1C(F)=NC2=C1C(N(C(N2C)=O)C)=O
2.35,CN1C(Cl)=NC2=C1C(N(C(N2C)=O)C)=O
2.15,CN1C(Br)=NC2=C1C(N(C(N2C)=O)C)=O
2.1,CN1C(I)=NC2=C1C(N(C(N2C)=O)C)=O
0.5,O=N(C1=CC2=C3C(C4=NC5=CC=CC=C5N=C4C6=CC=CC(C7=NC8=CC=CC=C8N=C72)=C63)=C1)=O
0.2,CN(C1C(O)=C(C(C2(C(O)=C3C(C4=C(C(O)(C3C(C12)O)C)C=CC=C4O)=O)O)=O)C(N)=O)C
1,OC(C1=NC=CN=C1C(O)=O)=O
0.9,O=C(O)C1=NC=C(C(O)=O)N=C1
0.85,O=C(O)C1=NC(C(O)=O)=CN=C1
2.2,O=N(C1=CC(N(=O)=O)=CC(NC2=CC=C(C=C2)C3=CC(C4=CC=C(C=C4)NC5=CC(N(=O)=O)=CC(N(=O)=O)=C5)=CC(C6=CC=C(C=C6)NC7=CC(N(=O)=O)=CC(N(=O)=O)=C7)=C3)=C1)=O
0.75,O=C1C2=CC=C3C(N(C(C4=C3C2=C(C(N1C5=CC=C(C=C5)N(=O)=O)=O)C=C4)=O)C6=CC=C(C=C6)N(=O)=O)=O
0.7,O=N(C1=CC(N(C(C2=C3C4=C(C(N5C6=CC(N(=O)=O)=CC(N(=O)=O)=C6)=O)C=C2)=O)C(C3=CC=C4C5=O)=O)=CC(N(=O)=O)=C1)=O
1.1,O=C(C1=CN=C(C=C1)C(O)=O)O
1.1,O=C(C1=CN=C(C=C1)C(O[Li])=O)O[Li]
1.1,O/C(O)=C1C=N/C(C=C\1)=C(O)/O
1.1,[Li]O/C(O[Li])=C1C=N/C(C=C\1)=C(O[Li])/O[Li]
3.3,N#CC1=C(C#N)C(=O)C(Cl)=C(Cl)C1=O
3.3,N#CC1=C(O)C(Cl)=C(Cl)C(O)=C1C#N
3.3,N#CC1=C(O[Li])C(Cl)=C(Cl)C(O[Li])=C1C#N
1.2,OC1=C(C(C(Cl)=C(C1=O)Cl)=O)C#N
1.2,OC1=C(O)C(Cl)=C(Cl)C(O)=C1C#N
1.2,N#CC(C(O[Li])=C(O[Li])C(Cl)=C1Cl)=C1O[Li]
2.7,O=C(N=C1C2=NC3=C(N1CC)C=C(N=C45)C(N(C5=NC(NC4=O)=O)CC)=C3)NC2=O
2.5,O=C(N(C1=O)C)N=C2C1=NC3=C(C=C(C(N4CC)=C3)N=C5C4=NC(N(C5=O)C)=O)N2CC
0.7,O=C1OC2=C3C(C(OC4=C3C1=CC(O)=C4O)=O)=CC(O)=C2O
1.2,O=C(O)C1=CS/C(=C2/SC=C(C(=O)O)S2)S1
1.2,O=C(C1=CS/C(S1)=C2SC=C(S/2)C(O[Li])=O)O[Li]
1.2,OC(C1=CS/C(S1)=C2SC=C(S/2)C(O)O)O
1.2,[Li]OC(C1=CS/C(S1)=C2SC=C(S/2)C(O[Li])O[Li])O[Li]
1.2,O=C(O)C1=C(C(=O)O)SC(=C2SC(C(=O)O)=C(C(=O)O)S2)S1
1.2,O=C(C1=C(S/C(S1)=C2SC(C(O[Li])=O)=C(S/2)C(O[Li])=O)C(O[Li])=O)O[Li]
1.2,OC(C1=C(S/C(S1)=C2SC(C(O)O)=C(S/2)C(O)O)C(O)O)O
1.2,[Li]OC(C1=C(S/C(S1)=C2SC(C(O[Li])O[Li])=C(S/2)C(O[Li])O[Li])C(O[Li])O[Li])O[Li]
0.7,C1(C2=NC(C3=CN=CC=N3)=NC(C4=CN=CC=N4)=N2)=CN=CC=N1
3.4,CC1(C)C(C=CC=C2)=C2N3C4=C1C=CC=C4C5=CC=CC(C6(C)C)=C5N3C7=C6C=CC=C7
3.6,C12=C(N(N(C3=C4C=CC=C35)C6=C4C=CC=C6)C7=C2C=CC=C7)C5=CC=C1
3.6,C1(SC2=C3N4N5C6=C(SC7=C5C=CC=C7)C=CC=C6C3=CC=C2)=C4C=CC=C1
3.3,CC1=CC2=C(C=C1)N(C)C3=C2C=C(C=C3C4=CC(C)=CC5=C4N(C)C6=C5C=C(C=C6)C)C
2.3,O=C1S/C(C2=CC=CC=C12)=C3SC(C4=CC=CC=C4/3)=O
2.2,S=C1S/C(C2=CC=CC=C12)=C3SC(C4=CC=CC=C4/3)=S
2.8,O=NC1=CC=C(C=C1)N(C2=CC=C(C=C2)N=O)C3=CC=C(C=C3)N=O
2.5,O=C1C(Cl)=C(C(C(Cl)=C1NC2CCCCC2)=O)NC3CCCCC3
2.5,O=C1C(Cl)=C(C(C(Cl)=C1NC2=CC=CC=C2)=O)NC3=CC=CC=C3
2.4,O=C1C(C#N)=C(C(C(Cl)=C1NC2CCCCC2)=O)NC3CCCCC3
2.3,[H]C1=C(C(C([H])=C(C1=O)N2CCCC2)=O)N3CCCC3
3.09,O=C1C2=C(B3C4=C1N=CN=C4C(C5=C3C(C6=O)=NC=N5)=O)C6=NC=N2
2.56,O=C1C2=C(N3C4=C1N=CN=C4C(C5=C3C(C6=O)=NC=N5)=O)C6=NC=N2
2.81,O=C1C2=C(P3C4=C1N=CN=C4C(C5=C3C(C6=O)=NC=N5)=O)C6=NC=N2
2.2,O=C1C2=C(B3C4=C1C=CC=C4C(C5=C3C(C6=O)=CC=C5)=O)C6=CC=C2
1.75,O=C1C2=C(N3C4=C1C=CC=C4C(C5=C3C(C6=O)=CC=C5)=O)C6=CC=C2
1.8,O=C1C2=C(P3C4=C1C=CC=C4C(C5=C3C(C6=O)=CC=C5)=O)C6=CC=C2
2.4,FC(C=C1S[Li])=C(C=C1F)S[Li]
2.4,SC1=CC(F)=C(C=C1F)S
2.4,S=C(C(F)=C1)C=C(F)C1=S
3.5,C1(N(C2=CC=C3C(C4(C5=C3C=CC(N(C6=CC=CC=C6)C7=CC=CC=C7)=C5)C8=CC(N(C9=CC=CC=C9)C%10=CC=CC=C%10)=CC=C8C%11=C4C=C(C=C%11)N(C%12=CC=CC=C%12)C%13=CC=CC=C%13)=C2)C%14=CC=CC=C%14)=CC=CC=C1
0.7,CC(=O)NC1=CC=C(O)C=C1
2.4,O=C1C=C(SC2=CC=CC=C2SC2=CC(=O)C3=C(C=CC=C3)C2=O)C(=O)C2=C1C=CC=C2
2.5,O=C(C1=C(C2=O)C=CC=C1)C=C2SC3=CC=CC(SC(C(C4=C5C=CC=C4)=O)=CC5=O)=C3
2.6,O=C(C1=C(C2=O)C=CC=C1)C=C2SC3=CC=C(SC(C(C4=C5C=CC=C4)=O)=CC5=O)C=C3
1,O=C(C1=C(C(C(O[Li])=O)=C(C(C(O[Li])=O)=C1C(O[Li])=O)C(O[Li])=O)C(O[Li])=O)O[Li]
1,O=C(O)C1=C(C(O)=O)C(C(O)=O)=C(C(O)=O)C(C(O)=O)=C1C(O)=O
1,[Li]OC(C1C(C(C(C(C1C(O[Li])O[Li])C(O[Li])O[Li])C(O[Li])O[Li])C(O[Li])O[Li])C(O[Li])O[Li])O[Li]
1,OC(C1C(C(C(C(C1C(O)O)C(O)O)C(O)O)C(O)O)C(O)O)O
2.5,O=C1C2=CC=C3C(N(C(C4=C3C2=C(C=C4)C(N1O[Li])=O)=O)O[Li])=O
2.5,O=C1C2=CC=C3C(N(O)C(C4=C3C2=C(C(N1O)=O)C=C4)=O)=O
2.5,OC1=C2C=CC3=C(C2=C(C(N1O)=O)C=C4)C4=C(O)N(O)C3=O
2.5,O=C1C(C=CC2=C3O[Li])=C(C2=C(C(N3O[Li])=O)C=C4)C4=C(O[Li])N1O[Li]
3.6,C1=CC=C(N(C2=CC=CC=C2)C2=CC=C3C(=C2)C2(C4=CC(N(C5=CC=CC=C5)C5=CC=CC=C5)=CC=C4C4=C2C=C(N(C2=CC=CC=C2)C2=CC=CC=C2)C=C4)C2=C3C=CC(N(C3=CC=CC=C3)C3=CC=CC=C3)=C2)C=C1
2.7,O=C1C=CC(C(C2=CC=C(C=C2)C3=CC(C4=CC=C(C=C4)C5=CC(C=CC5=O)=O)=CC(C6=CC=C(C=C6)C7=CC(C=CC7=O)=O)=C3)=C1)=O
2.7,[Li]OC1=CC=C(C(C2=CC=C(C=C2)C3=CC(C4=CC=C(C=C4)C5=C(C=CC(O[Li])=C5)O[Li])=CC(C6=CC=C(C=C6)C7=C(C=CC(O[Li])=C7)O[Li])=C3)=C1)O[Li]
2.7,OC1=CC=C(C(C2=CC=C(C=C2)C3=CC(C4=CC=C(C=C4)C5=C(C=CC(O)=C5)O)=CC(C6=CC=C(C=C6)C7=C(C=CC(O)=C7)O)=C3)=C1)O
2.5,NC1=C(N)C(=O)C2=NC3=C(N=C2C1=O)C(=O)C(N)=C(N)C3=O
2.7,CCN(C(SSC(N(CC)CC)=S)=S)CC
2.2,C1(SSC2=CC=CC=C2)=CC=CC=C1
2.6,C12=CC=C(C3=C24)SSC3=CC=C4SS1
2.45,C1(SSC2=CC=NC=C2)=CC=NC=C1
2.45,C1(SSC2=CC=NC=C2)=CC=NC=C1
2.8,O=N1=C(C=CC=C1)SSC2=N(C=CC=C2)=O
3.2,C1(S2)=C3C4=S2SC5=C4C6=C(SS7=C6C3=C(S7)C=C1)C=C5
2.85,CC1=NN=C(SSC)S1
2.3,CC1=C2CSSCC2=C(C)C3=C1CSSC3
2.5,O=C1C2=C(C(C3=C1SC4=C(S3)SSC4=S)=O)SC5=C(S2)SSC5=S
2.3,C1(SSSC2=CC=CC=C2)=CC=CC=C1
2.22,[H]C1=CC=C(C=C1)SSSSC2=CC=C(C=C2)[H]
2.18,COC1=CC=C(C=C1)SSSSC2=CC=C(C=C2)OC
2.3,FC(F)(C1=CC=C(C=C1)SSSSC2=CC=C(C=C2)C(F)(F)F)F
3,CC1=CC=C(C(SSC2=C(C=CC(C)=C2)N)=C1)N
2.2,NC1=CC=CC=C1OSSOC2=CC=CC=C2N
3,CC1=C2CSSCC2=C(C)N1
3.1,CC(C=C1)=CC=C1/N=C(SS2)/N=C2NC
3.1,CC1=C2CSSCC2=C(C=C1)NC
3.5,O=S(C(F)(F)F)(N([Li])C1=CC=C(N([Li])S(C(F)(F)F)(=O)=O)C=C1)=O
3.5,O=S(C(F)(F)F)(NC1=CC=C(C=C1)NS(C(F)(F)F)(=O)=O)=O
3.5,O=S(C(F)(F)F)(/N=C1C=C/C(C=C\1)=N/S(C(F)(F)F)(=O)=O)=O
3.6,O=S(C(F)(F)F)(N(C1=C(Cl)C=C(C(Cl)=C1)N(S(C(F)(F)F)(=O)=O)[Li])[Li])=O
3.6,O=S(C(F)(F)F)(NC1=C(Cl)C=C(C(Cl)=C1)NS(C(F)(F)F)(=O)=O)=O
3.6,O=S(C(F)(F)F)(/N=C1C(Cl)=C/C(C(Cl)=C\1)=N/S(C(F)(F)F)(=O)=O)=O
3.7,O=S(C(F)(F)F)(N([Li])C1=C(C=C(N([Li])S(C(F)(F)F)(=O)=O)C(F)=C1)F)=O
3.7,O=S(C(F)(F)F)(NC1=C(C=C(NS(C(F)(F)F)(=O)=O)C(F)=C1)F)=O
3.7,O=S(C(F)(F)F)(/N=C1C(F)=C/C(C(F)=C\1)=N/S(C(F)(F)F)(=O)=O)=O
3.2,O=S(C(F)(F)F)(N([Li])C1=C(N([Li])S(=O)(C(F)(F)F)=O)C=C(N([Li])S(C(F)(F)F)(=O)=O)C(N([Li])S(=O)(C(F)(F)F)=O)=C1)=O
3.2,O=S(C(F)(F)F)(NC1=C(C=C(C(NS(=O)(C(F)(F)F)=O)=C1)NS(C(F)(F)F)(=O)=O)NS(=O)(C(F)(F)F)=O)=O
3.2,O=S(C(F)(F)F)(N(C(/C(C=C/1N(S(C(F)(F)F)(=O)=O)[Li])=N/S(=O)(C(F)(F)F)=O)=CC1=N/S(=O)(C(F)(F)F)=O)[Li])=O
3.2,N#CN(C1=CC=C(C=C1)N(C#N)[Li])[Li]
3.2,N#CNC1=CC=C(C=C1)NC#N
3.2,N#C/N=C1C=C/C(C=C\1)=N/C#N
3.3,N#CN(C1=C(Cl)C=C(C(Cl)=C1)N(C#N)[Li])[Li]
3.3,N#CNC1=C(Cl)C=C(C(Cl)=C1)NC#N
3.3,N#C/N=C1C(Cl)=C/C(C(Cl)=C\1)=N/C#N
3.35,N#CN(C1=C(F)C=C(C(F)=C1)N(C#N)[Li])[Li]
3.35,N#CNC1=C(F)C=C(C(F)=C1)NC#N
3.35,N#C/N=C1C(F)=C/C(C(F)=C\1)=N/C#N
3.4,N#CC1=C(C=C(C(N(S(C)(=O)=O)[Li])=C1)C#N)N(S(C)(=O)=O)[Li]
3.4,N#CC1=C(NS(C)(=O)=O)C=C(C#N)C(NS(C)(=O)=O)=C1
